iteration,timestamp,idea,entry_time,direction,width,otm_distance,interval,filters,qty,num_trades,win_rate,total_pnl,max_drawdown,sharpe,calmar,profit_factor,avg_win,avg_loss,max_single_loss,verdict,notes
1,2026-04-03 07:47:28,entry_time_sweep_09:35:00,09:35:00,always_put,10.0,10.0,single,none,1,967,68.9,-30786.0,-31748.0,-1.18,-0.97,0.84,244.66,-643.61,-882.0,SWEEP,
2,2026-04-03 07:47:33,entry_time_sweep_10:00:00,10:00:00,always_put,10.0,10.0,single,none,1,850,69.6,-33753.0,-34728.0,-1.49,-0.97,0.8,226.41,-650.34,-902.0,SWEEP,
3,2026-04-03 07:47:38,entry_time_sweep_10:30:00,10:30:00,always_put,10.0,10.0,single,none,1,810,72.0,-17166.0,-19959.0,-0.82,-0.86,0.88,220.85,-642.83,-932.0,SWEEP,
4,2026-04-03 07:47:44,entry_time_sweep_11:00:00,11:00:00,always_put,10.0,10.0,single,none,1,761,74.0,-11812.0,-11934.0,-0.62,-0.99,0.91,208.96,-653.83,-977.0,SWEEP,
5,2026-04-03 07:47:49,entry_time_sweep_11:30:00,11:30:00,always_put,10.0,10.0,single,none,1,765,74.6,-5135.0,-9790.0,-0.28,-0.52,0.96,200.78,-617.43,-982.0,SWEEP,
6,2026-04-03 07:47:54,entry_time_sweep_12:00:00,12:00:00,always_put,10.0,10.0,single,none,1,743,75.8,-8721.0,-13408.0,-0.49,-0.65,0.92,190.16,-643.24,-942.0,SWEEP,
7,2026-04-03 07:47:59,entry_time_sweep_12:30:00,12:30:00,always_put,10.0,10.0,single,none,1,724,76.8,-9917.0,-11284.0,-0.58,-0.88,0.91,180.66,-656.93,-957.0,SWEEP,
8,2026-04-03 07:48:05,entry_time_sweep_13:00:00,13:00:00,always_put,10.0,10.0,single,none,1,713,76.6,-14294.0,-15864.0,-0.86,-0.9,0.87,171.09,-644.95,-957.0,SWEEP,
9,2026-04-03 07:48:10,entry_time_sweep_13:30:00,13:30:00,always_put,10.0,10.0,single,none,1,709,76.0,-16452.0,-16980.0,-1.03,-0.97,0.84,158.94,-600.7,-982.0,SWEEP,
10,2026-04-03 07:48:15,entry_time_sweep_14:00:00,14:00:00,always_put,10.0,10.0,single,none,1,686,79.7,-13134.0,-14642.0,-0.9,-0.9,0.85,136.29,-630.81,-962.0,SWEEP,
11,2026-04-03 07:48:20,entry_time_sweep_14:30:00,14:30:00,always_put,10.0,10.0,single,none,1,682,80.6,-16024.0,-16339.0,-1.17,-0.98,0.8,117.22,-609.83,-987.0,SWEEP,
12,2026-04-03 07:48:25,entry_time_sweep_15:00:00,15:00:00,always_put,10.0,10.0,single,none,1,664,82.8,-14312.0,-14881.0,-1.18,-0.96,0.78,92.7,-572.77,-997.0,SWEEP,
13,2026-04-03 07:48:30,entry_time_sweep_15:30:00,15:30:00,always_put,10.0,10.0,single,none,1,594,87.2,-6977.0,-8988.0,-0.76,-0.78,0.84,69.37,-564.59,-972.0,SWEEP,
14,2026-04-03 07:48:35,entry_time_sweep_15:55:00,15:55:00,always_put,10.0,10.0,single,none,1,259,96.9,1973.0,-1214.0,1.19,1.63,1.55,22.16,-448.75,-977.0,SWEEP,
15,2026-04-03 07:49:04,dir_sweep_always_put_1555,15:55:00,always_put,10.0,10.0,single,none,1,259,96.9,1973.0,-1214.0,1.19,1.63,1.55,22.16,-448.75,-977.0,SWEEP,
16,2026-04-03 07:49:09,dir_sweep_always_call_1555,15:55:00,always_call,10.0,10.0,single,none,1,171,95.9,1522.0,-796.0,1.96,1.91,1.91,19.46,-238.57,-719.0,SWEEP,
17,2026-04-03 07:49:14,dir_sweep_both_sides_1555,15:55:00,both_sides,10.0,10.0,single,none,1,430,96.5,3495.0,-1663.0,1.54,2.1,1.66,21.1,-350.67,-977.0,SWEEP,
18,2026-04-03 07:49:18,dir_sweep_ema_1555,15:55:00,ema,10.0,10.0,single,none,1,236,97.0,1745.0,-1203.0,1.3,1.45,1.66,19.11,-376.0,-977.0,SWEEP,
19,2026-04-03 07:49:41,width_sweep_5_both1555,15:55:00,both_sides,5,10.0,single,none,1,310,95.2,231.0,-1636.0,0.17,0.14,1.06,14.76,-274.93,-492.0,SWEEP,
20,2026-04-03 07:49:46,width_sweep_10_both1555,15:55:00,both_sides,10,10.0,single,none,1,430,96.5,3495.0,-1663.0,1.54,2.1,1.66,21.1,-350.67,-977.0,SWEEP,
21,2026-04-03 07:49:51,width_sweep_15_both1555,15:55:00,both_sides,15,10.0,single,none,1,450,96.4,4749.0,-1833.0,1.71,2.59,1.81,24.46,-366.75,-1467.0,SWEEP,
22,2026-04-03 07:49:56,width_sweep_20_both1555,15:55:00,both_sides,20,10.0,single,none,1,459,96.7,5441.0,-2298.0,1.66,2.37,1.86,26.51,-421.87,-1962.0,SWEEP,
23,2026-04-03 07:50:01,width_sweep_25_both1555,15:55:00,both_sides,25,10.0,single,none,1,453,96.7,5120.0,-2581.0,1.44,1.98,1.78,26.76,-440.07,-2250.0,SWEEP,
24,2026-04-03 07:50:06,width_sweep_30_both1555,15:55:00,both_sides,30,10.0,single,none,1,457,96.7,5512.0,-2576.0,1.54,2.14,1.84,27.36,-438.73,-2245.0,SWEEP,
25,2026-04-03 07:50:11,width_sweep_50_both1555,15:55:00,both_sides,50,10.0,single,none,1,456,96.7,5474.0,-2561.0,1.53,2.14,1.83,27.29,-437.4,-2235.0,SWEEP,
26,2026-04-03 07:50:16,otm_sweep_3_both1555,15:55:00,both_sides,10.0,3,single,none,1,1111,86.8,-768.0,-10011.0,-0.08,-0.08,0.98,46.26,-308.56,-947.0,SWEEP,
27,2026-04-03 07:50:21,otm_sweep_5_both1555,15:55:00,both_sides,10.0,5,single,none,1,950,90.5,3298.0,-4357.0,0.49,0.76,1.13,33.64,-284.84,-952.0,SWEEP,
28,2026-04-03 07:50:26,otm_sweep_7_both1555,15:55:00,both_sides,10.0,7,single,none,1,707,93.5,4270.0,-3841.0,1.01,1.11,1.31,27.27,-299.0,-952.0,SWEEP,
29,2026-04-03 07:50:31,otm_sweep_10_both1555,15:55:00,both_sides,10.0,10,single,none,1,430,96.5,3495.0,-1663.0,1.54,2.1,1.66,21.1,-350.67,-977.0,SWEEP,
30,2026-04-03 07:50:36,otm_sweep_15_both1555,15:55:00,both_sides,10.0,15,single,none,1,184,97.8,1017.0,-1258.0,1.08,0.81,1.59,15.28,-433.25,-987.0,SWEEP,
31,2026-04-03 07:50:41,otm_sweep_20_both1555,15:55:00,both_sides,10.0,20,single,none,1,62,100.0,906.0,0.0,11.69,0,inf,14.61,0,3.0,SWEEP,
32,2026-04-03 07:50:46,otm_sweep_25_both1555,15:55:00,both_sides,10.0,25,single,none,1,19,100.0,322.0,0.0,16.15,0,inf,16.95,0,3.0,SWEEP,
33,2026-04-03 07:50:51,otm_sweep_30_both1555,15:55:00,both_sides,10.0,30,single,none,1,13,100.0,124.0,0.0,19.76,0,inf,9.54,0,3.0,SWEEP,
34,2026-04-03 07:51:17,qty_sweep_1_w15,15:55:00,both_sides,15,10.0,single,none,1,451,96.5,4827.0,-1833.0,1.74,2.63,1.82,24.59,-366.75,-1467.0,SWEEP,
35,2026-04-03 07:51:22,qty_sweep_2_w15,15:55:00,both_sides,15,10.0,single,none,2,451,96.5,9654.0,-3666.0,1.74,2.63,1.82,49.17,-733.5,-2934.0,SWEEP,
36,2026-04-03 07:51:27,qty_sweep_3_w15,15:55:00,both_sides,15,10.0,single,none,3,451,96.5,14481.0,-5499.0,1.74,2.63,1.82,73.76,-1100.25,-4401.0,SWEEP,
37,2026-04-03 07:51:32,qty_sweep_5_w15,15:55:00,both_sides,15,10.0,single,none,5,451,96.5,24135.0,-9165.0,1.74,2.63,1.82,122.93,-1833.75,-7335.0,SWEEP,
38,2026-04-03 07:51:37,qty_sweep_7_w15,15:55:00,both_sides,15,10.0,single,none,7,451,96.5,33789.0,-12831.0,1.74,2.63,1.82,172.1,-2567.25,-10269.0,SWEEP,
39,2026-04-03 07:51:42,qty_sweep_10_w15,15:55:00,both_sides,15,10.0,single,none,10,451,96.5,48270.0,-18330.0,1.74,2.63,1.82,245.86,-3667.5,-14670.0,SWEEP,
40,2026-04-03 07:51:47,otm_sweep_5_w15,15:55:00,both_sides,15,5,single,none,1,956,90.6,6715.0,-4962.0,0.88,1.35,1.25,38.26,-293.58,-1432.0,SWEEP,
41,2026-04-03 07:51:52,otm_sweep_7_w15,15:55:00,both_sides,15,7,single,none,1,721,93.3,6103.0,-4296.0,1.23,1.42,1.41,31.33,-312.12,-1432.0,SWEEP,
42,2026-04-03 07:51:57,otm_sweep_10_w15,15:55:00,both_sides,15,10,single,none,1,451,96.5,4827.0,-1833.0,1.74,2.63,1.82,24.59,-366.75,-1467.0,SWEEP,
43,2026-04-03 07:52:02,otm_sweep_12_w15,15:55:00,both_sides,15,12,single,none,1,342,97.7,3744.0,-1467.0,1.92,2.55,2.23,20.31,-379.75,-1467.0,SWEEP,
44,2026-04-03 07:52:07,otm_sweep_15_w15,15:55:00,both_sides,15,15,single,none,1,217,98.2,1366.0,-1626.0,0.97,0.84,1.61,16.85,-555.75,-1482.0,SWEEP,
45,2026-04-03 07:52:12,otm_sweep_20_w15,15:55:00,both_sides,15,20,single,none,1,80,98.8,-138.0,-1285.0,-0.2,-0.11,0.89,14.52,-1285.0,-1285.0,SWEEP,
46,2026-04-03 07:52:34,proposed_baseline_w15_d12_q10,15:55:00,both_sides,15,12,single,none,10,342,97.7,37440.0,-14670.0,1.92,2.55,2.23,203.05,-3797.5,-14670.0,BASELINE,
47,2026-04-03 07:53:01,filter_skip_fomc,15:55:00,both_sides,15,12,single,skip_fomc,10,317,98.1,46270.0,-8800.0,4.23,5.26,3.95,199.29,-2618.33,-7140.0,SWEEP,
48,2026-04-03 07:53:05,filter_skip_fomc+cpi,15:55:00,both_sides,15,12,single,skip_fomc+cpi,10,300,98.0,42310.0,-9000.0,4.04,4.7,3.69,197.35,-2618.33,-7140.0,SWEEP,
49,2026-04-03 07:53:10,filter_skip_fomc+cpi+nfp,15:55:00,both_sides,15,12,single,skip_fomc+cpi+nfp,10,275,97.8,38710.0,-9470.0,3.88,4.09,3.46,202.3,-2618.33,-7140.0,SWEEP,
50,2026-04-03 07:53:14,filter_skip_wed,15:55:00,both_sides,15,12,single,skip_wed,10,257,98.1,43640.0,-4250.0,6.11,10.27,6.09,207.18,-1714.0,-4250.0,SWEEP,
51,2026-04-03 07:53:18,filter_skip_fomc+wed,15:55:00,both_sides,15,12,single,skip_fomc+wed,10,257,98.1,43640.0,-4250.0,6.11,10.27,6.09,207.18,-1714.0,-4250.0,SWEEP,
52,2026-04-03 07:53:22,filter_vix_max_25,15:55:00,both_sides,15,12,single,vix_max_25,10,228,98.2,14790.0,-14670.0,0.99,1.01,1.63,170.18,-5832.5,-14670.0,SWEEP,
53,2026-04-03 07:53:27,filter_vix_max_30,15:55:00,both_sides,15,12,single,vix_max_30,10,292,97.3,21090.0,-16120.0,1.18,1.31,1.69,181.23,-3797.5,-14670.0,SWEEP,
54,2026-04-03 07:53:32,filter_vix_max_35,15:55:00,both_sides,15,12,single,vix_max_35,10,335,97.6,32680.0,-14670.0,1.7,2.23,2.08,192.84,-3797.5,-14670.0,SWEEP,
55,2026-04-03 07:53:36,filter_prior_day_ret_1pct,15:55:00,both_sides,15,12,single,prior_day_ret_1pct,10,191,98.4,14450.0,-14670.0,1.17,0.99,1.89,162.98,-5396.67,-14670.0,SWEEP,
56,2026-04-03 07:53:40,filter_prior_day_ret_2pct,15:55:00,both_sides,15,12,single,prior_day_ret_2pct,10,298,97.7,27050.0,-16110.0,1.5,1.68,1.96,190.14,-4040.0,-14670.0,SWEEP,
57,2026-04-03 07:53:44,filter_skip_fomc+vix25,15:55:00,both_sides,15,12,single,skip_fomc+vix25,10,210,98.6,25550.0,-7140.0,3.63,3.58,3.95,165.27,-2886.67,-7140.0,SWEEP,
58,2026-04-03 07:53:49,filter_skip_fomc+vix30,15:55:00,both_sides,15,12,single,skip_fomc+vix30,10,270,97.8,31510.0,-10470.0,3.24,3.01,3.01,178.86,-2618.33,-7140.0,SWEEP,
59,2026-04-03 07:54:18,wf_is_skip_wed,15:55:00,both_sides,15,12,single,skip_wed,10,160,98.1,22360.0,-4250.0,4.8,5.26,4.96,178.41,-1883.33,-4250.0,WF_IS,
60,2026-04-03 07:54:18,wf_oos_skip_wed,15:55:00,both_sides,15,12,single,skip_wed,10,98,98.0,21410.0,-2100.0,8.76,10.2,8.33,253.44,-1460.0,-2100.0,WF_OOS,
61,2026-04-03 07:54:42,filter_skip_wed+fomc,15:55:00,both_sides,15,12,single,skip_wed+fomc,10,258,98.1,43770.0,-4250.0,6.12,10.3,6.11,206.88,-1714.0,-4250.0,SWEEP,
62,2026-04-03 07:54:45,filter_skip_wed+tue,15:55:00,both_sides,15,12,single,skip_wed+tue,10,213,98.1,37600.0,-4350.0,6.19,8.64,6.81,210.86,-1617.5,-4250.0,SWEEP,
63,2026-04-03 07:54:48,filter_skip_wed+prior1pct,15:55:00,both_sides,15,12,single,skip_wed+prior1pct,10,143,98.6,20510.0,-820.0,9.68,25.01,14.49,156.24,-760.0,-820.0,SWEEP,
64,2026-04-03 07:54:52,filter_skip_wed+prior2pct,15:55:00,both_sides,15,12,single,skip_wed+prior2pct,10,222,98.2,35020.0,-4250.0,5.74,8.24,6.41,190.32,-1617.5,-4250.0,SWEEP,
65,2026-04-03 07:54:56,filter_skip_wed+vix30,15:55:00,both_sides,15,12,single,skip_wed+vix30,10,220,97.7,31330.0,-4250.0,5.1,7.37,4.66,185.58,-1714.0,-4250.0,SWEEP,
66,2026-04-03 07:55:00,filter_skip_wed+morning1pct,15:55:00,both_sides,15,12,single,skip_wed+morning1pct,10,179,97.2,15450.0,-4450.0,3.65,3.47,2.8,138.05,-1714.0,-4250.0,SWEEP,
67,2026-04-03 07:55:04,filter_skip_wed+morning0.5pct,15:55:00,both_sides,15,12,single,skip_wed+morning0.5pct,10,111,95.5,3560.0,-4740.0,1.2,0.75,1.42,114.43,-1714.0,-4250.0,SWEEP,
68,2026-04-03 07:55:33,prior_ret_sweep_0.5,15:55:00,both_sides,15,12,single,skip_wed+prior0.5pct,10,76,97.4,11000.0,-820.0,8.1,13.41,8.24,169.19,-760.0,-820.0,SWEEP,
69,2026-04-03 07:55:36,prior_ret_sweep_0.75,15:55:00,both_sides,15,12,single,skip_wed+prior0.75pct,10,119,98.3,18740.0,-820.0,9.88,22.85,13.33,173.16,-760.0,-820.0,SWEEP,
70,2026-04-03 07:55:38,prior_ret_sweep_1.0,15:55:00,both_sides,15,12,single,skip_wed+prior1.0pct,10,143,98.6,20510.0,-820.0,9.68,25.01,14.49,156.24,-760.0,-820.0,SWEEP,
71,2026-04-03 07:55:41,prior_ret_sweep_1.25,15:55:00,both_sides,15,12,single,skip_wed+prior1.25pct,10,168,98.8,24610.0,-820.0,10.2,30.01,17.19,157.41,-760.0,-820.0,SWEEP,
72,2026-04-03 07:55:45,prior_ret_sweep_1.5,15:55:00,both_sides,15,12,single,skip_wed+prior1.5pct,10,186,98.9,26900.0,-820.0,10.39,32.8,18.7,154.46,-760.0,-820.0,SWEEP,
73,2026-04-03 07:55:48,prior_ret_sweep_1.75,15:55:00,both_sides,15,12,single,skip_wed+prior1.75pct,10,205,98.5,25540.0,-4250.0,5.57,6.01,5.43,155.0,-1923.33,-4250.0,SWEEP,
74,2026-04-03 07:55:52,prior_ret_sweep_2.0,15:55:00,both_sides,15,12,single,skip_wed+prior2.0pct,10,222,98.2,35020.0,-4250.0,5.74,8.24,6.41,190.32,-1617.5,-4250.0,SWEEP,
75,2026-04-03 07:55:56,prior_ret_sweep_2.5,15:55:00,both_sides,15,12,single,skip_wed+prior2.5pct,10,240,98.3,39660.0,-4250.0,6.21,9.33,7.13,195.47,-1617.5,-4250.0,SWEEP,
76,2026-04-03 07:56:00,prior_ret_sweep_3.0,15:55:00,both_sides,15,12,single,skip_wed+prior3.0pct,10,247,98.0,38940.0,-4250.0,5.8,9.16,5.54,196.32,-1714.0,-4250.0,SWEEP,
77,2026-04-03 07:59:52,slippage_mincredit_0.05,15:55:00,both_sides,15,12,single,skip_wed+prior1.5pct,10,187,98.9,27080.0,-820.0,10.45,33.02,18.82,154.59,-760.0,-820.0,SWEEP,
78,2026-04-03 07:59:55,slippage_mincredit_0.1,15:55:00,both_sides,15,12,single,skip_wed+prior1.5pct,10,89,98.9,23640.0,-700.0,15.68,33.77,34.77,276.59,-700.0,-700.0,SWEEP,
79,2026-04-03 07:59:59,slippage_mincredit_0.15,15:55:00,both_sides,15,12,single,skip_wed+prior1.5pct,10,85,98.8,23320.0,-700.0,16.11,33.31,34.31,285.95,-700.0,-700.0,SWEEP,
80,2026-04-03 08:00:03,slippage_mincredit_0.2,15:55:00,both_sides,15,12,single,skip_wed+prior1.5pct,10,53,98.1,18960.0,-700.0,17.71,27.09,28.09,378.08,-700.0,-700.0,SWEEP,
81,2026-04-03 08:00:08,slippage_mincredit_0.3,15:55:00,both_sides,15,12,single,skip_wed+prior1.5pct,10,29,96.6,13990.0,-700.0,20.13,19.99,20.99,524.64,-700.0,-700.0,SWEEP,
82,2026-04-03 08:00:12,slippage_mincredit_0.5,15:55:00,both_sides,15,12,single,skip_wed+prior1.5pct,10,12,100.0,8910.0,0.0,31.47,0,inf,742.5,0,480.0,SWEEP,
83,2026-04-03 08:00:13,friday_only_d10,15:55:00,both_sides,15,10,single,friday_only+prior1.5pct,10,91,100.0,18480.0,0.0,12.4,0,inf,203.08,0,30.0,CREATIVE,
84,2026-04-03 08:00:15,friday_only_d12,15:55:00,both_sides,15,12,single,friday_only+prior1.5pct,10,72,100.0,10810.0,0.0,12.65,0,inf,150.14,0,30.0,CREATIVE,
85,2026-04-03 08:00:16,friday_only_d15,15:55:00,both_sides,15,15,single,friday_only+prior1.5pct,10,41,100.0,4730.0,0.0,13.4,0,inf,115.37,0,30.0,CREATIVE,
86,2026-04-03 08:00:19,monthufi_d10,15:55:00,both_sides,15,10,single,skip_tue_wed+prior1.5pct,10,201,96.0,19650.0,-5570.0,2.64,3.53,2.04,199.43,-2355.0,-5570.0,CREATIVE,
87,2026-04-03 08:00:22,monthufi_d12,15:55:00,both_sides,15,12,single,skip_tue_wed+prior1.5pct,10,154,98.7,21540.0,-820.0,11.15,26.27,15.17,151.71,-760.0,-820.0,CREATIVE,
88,2026-04-03 08:00:26,monthufi_d15,15:55:00,both_sides,15,15,single,skip_tue_wed+prior1.5pct,10,92,98.9,9460.0,-820.0,9.79,11.54,12.54,112.97,-820.0,-820.0,CREATIVE,
89,2026-04-03 13:47:39,skip_wed_thu,15:55:00,both_sides,15.0,12.0,single,skip_wed+thu+prior1.5,10,156,100.0,24480.0,0.0,11.14,0,inf,156.92,0,30.0,SWEEP,
90,2026-04-03 13:47:43,ema_bullish_only,15:55:00,both_sides,15.0,12.0,single,skip_wed+prior1.5+ema_bull,10,213,99.1,31110.0,-820.0,10.22,37.94,21.47,154.64,-760.0,-820.0,SWEEP,
91,2026-04-03 13:47:44,vix_term_1.0,15:55:00,both_sides,15.0,12.0,single,skip_wed+prior1.5+vixterm1.0,10,72,98.6,11060.0,-820.0,9.65,13.49,14.49,167.32,-820.0,-820.0,SWEEP,
92,2026-04-03 13:47:46,vix_term_1.05,15:55:00,both_sides,15.0,12.0,single,skip_wed+prior1.5+vixterm1.05,10,126,99.2,19530.0,-820.0,10.27,23.82,24.82,162.8,-820.0,-820.0,SWEEP,
93,2026-04-03 13:47:49,vix_term_1.1,15:55:00,both_sides,15.0,12.0,single,skip_wed+prior1.5+vixterm1.1,10,160,98.8,24320.0,-820.0,10.08,29.66,17.0,163.54,-760.0,-820.0,SWEEP,
94,2026-04-03 13:47:51,vvix_max_90,15:55:00,both_sides,15.0,12.0,single,skip_wed+prior1.5+vvix90,10,35,97.1,1470.0,-700.0,5.71,2.1,3.1,63.82,-700.0,-700.0,SWEEP,
95,2026-04-03 13:47:55,vvix_max_100,15:55:00,both_sides,15.0,12.0,single,skip_wed+prior1.5+vvix100,10,92,98.9,8880.0,-700.0,8.92,12.69,13.69,105.27,-700.0,-700.0,SWEEP,
96,2026-04-03 13:47:58,vvix_max_110,15:55:00,both_sides,15.0,12.0,single,skip_wed+prior1.5+vvix110,10,146,98.6,16400.0,-820.0,9.26,20.0,11.79,124.44,-760.0,-820.0,SWEEP,
97,2026-04-03 13:48:02,vvix_max_120,15:55:00,both_sides,15.0,12.0,single,skip_wed+prior1.5+vvix120,10,180,98.9,23670.0,-820.0,9.8,28.87,16.57,141.52,-760.0,-820.0,SWEEP,
98,2026-04-03 13:48:05,call_only_skip_wed_prior,15:55:00,always_call,15.0,12.0,single,skip_wed+prior1.5,10,83,98.8,10260.0,-700.0,10.86,14.66,15.66,133.66,-700.0,-700.0,SWEEP,
99,2026-04-03 13:48:09,put_only_skip_wed_prior,15:55:00,always_put,15.0,12.0,single,skip_wed+prior1.5,10,130,99.2,20850.0,-820.0,10.23,25.43,26.43,167.98,-820.0,-820.0,SWEEP,
100,2026-04-03 13:48:37,dow_skip_wed_(current),15:55:00,both_sides,15.0,12.0,single,skip_wed (current),10,213,99.1,31110.0,-820.0,10.22,37.94,21.47,154.64,-760.0,-820.0,SWEEP,
101,2026-04-03 13:48:43,dow_skip_wed+thu_(zero_DD),15:55:00,both_sides,15.0,12.0,single,skip_wed+thu (zero DD),10,156,100.0,24480.0,0.0,11.14,0,inf,156.92,0,30.0,SWEEP,
102,2026-04-03 13:48:49,dow_skip_tue+wed_(alt),15:55:00,both_sides,15.0,12.0,single,skip_tue+wed (alt),10,174,98.9,25340.0,-820.0,10.66,30.9,17.67,156.16,-760.0,-820.0,SWEEP,
103,2026-04-03 13:48:54,dow_M+F_only,15:55:00,both_sides,15.0,12.0,single,M+F only,10,117,100.0,18710.0,0.0,12.26,0,inf,159.91,0,30.0,SWEEP,
104,2026-04-03 13:48:57,dow_F_only,15:55:00,both_sides,15.0,12.0,single,F only,10,81,100.0,12530.0,0.0,12.64,0,inf,154.69,0,30.0,SWEEP,
105,2026-04-03 13:50:58,prior_range_1.0,15:55:00,both_sides,15.0,12.0,single,skip_wed+prior1.5+range1.0,10,53,98.1,4860.0,-700.0,8.28,6.94,7.94,106.92,-700.0,-700.0,SWEEP,
106,2026-04-03 13:51:01,prior_range_1.5,15:55:00,both_sides,15.0,12.0,single,skip_wed+prior1.5+range1.5,10,130,99.2,16220.0,-700.0,11.0,23.17,24.17,131.16,-700.0,-700.0,SWEEP,
107,2026-04-03 13:51:06,prior_range_2.0,15:55:00,both_sides,15.0,12.0,single,skip_wed+prior1.5+range2.0,10,175,99.4,21620.0,-700.0,11.79,30.89,31.89,128.28,-700.0,-700.0,SWEEP,
108,2026-04-03 13:51:09,prior_range_2.5,15:55:00,both_sides,15.0,12.0,single,skip_wed+prior1.5+range2.5,10,194,99.5,26490.0,-700.0,11.18,37.84,38.84,140.88,-700.0,-700.0,SWEEP,
109,2026-04-03 13:51:13,prior_range_3.0,15:55:00,both_sides,15.0,12.0,single,skip_wed+prior1.5+range3.0,10,208,99.0,28960.0,-820.0,10.71,35.32,20.05,147.96,-760.0,-820.0,SWEEP,
110,2026-04-03 13:51:17,adaptive_otm_v1,15:55:00,both_sides,15.0,12.0,single,skip_wed+prior1.5+adaptive_otm_v1,10,129,99.2,16070.0,-820.0,10.16,19.6,20.6,131.95,-820.0,-820.0,SWEEP,
111,2026-04-03 13:51:21,adaptive_otm_v2,15:55:00,both_sides,15.0,12.0,single,skip_wed+prior1.5+adaptive_otm_v2,10,133,99.2,16290.0,-820.0,10.09,19.87,20.87,129.62,-820.0,-820.0,SWEEP,
112,2026-04-03 13:51:26,adaptive_otm_v3,15:55:00,both_sides,15.0,12.0,single,skip_wed+prior1.5+adaptive_otm_v3,10,149,98.7,15410.0,-2080.0,6.52,7.41,6.31,124.56,-1450.0,-2080.0,SWEEP,
113,2026-04-03 13:51:30,intraday_range_1.0,15:55:00,both_sides,15.0,12.0,single,skip_wed+prior1.5+idrange1.0,10,42,97.6,3360.0,-820.0,6.3,4.1,5.1,101.95,-820.0,-820.0,SWEEP,
114,2026-04-03 13:51:34,intraday_range_1.5,15:55:00,both_sides,15.0,12.0,single,skip_wed+prior1.5+idrange1.5,10,125,99.2,12800.0,-820.0,9.67,15.61,16.61,109.84,-820.0,-820.0,SWEEP,
115,2026-04-03 13:51:38,intraday_range_2.0,15:55:00,both_sides,15.0,12.0,single,skip_wed+prior1.5+idrange2.0,10,167,99.4,20960.0,-820.0,10.15,25.56,26.56,131.2,-820.0,-820.0,SWEEP,
116,2026-04-03 13:51:42,intraday_range_2.5,15:55:00,both_sides,15.0,12.0,single,skip_wed+prior1.5+idrange2.5,10,196,99.0,25450.0,-820.0,10.21,31.04,17.74,139.02,-760.0,-820.0,SWEEP,
117,2026-04-03 13:51:46,intraday_range_3.0,15:55:00,both_sides,15.0,12.0,single,skip_wed+prior1.5+idrange3.0,10,206,99.0,28050.0,-820.0,10.52,34.21,19.45,144.95,-760.0,-820.0,SWEEP,
118,2026-04-03 13:52:26,wf_range2.0_full,15:55:00,both_sides,15.0,12.0,single,skip_wed+prior1.5+range2.0,10,175,99.4,21620.0,-700.0,11.79,30.89,31.89,128.28,-700.0,-700.0,WF_FULL,
119,2026-04-03 13:52:28,wf_range2.0_is,15:55:00,both_sides,15.0,12.0,single,skip_wed+prior1.5+range2.0,10,108,99.1,11860.0,-700.0,11.07,16.94,17.94,117.38,-700.0,-700.0,WF_IS,
120,2026-04-03 13:52:29,wf_range2.0_oos,15:55:00,both_sides,15.0,12.0,single,skip_wed+prior1.5+range2.0,10,67,100.0,9760.0,0.0,12.73,0,inf,145.67,0,30.0,WF_OOS,
121,2026-04-03 13:52:34,wf_range2.5_full,15:55:00,both_sides,15.0,12.0,single,skip_wed+prior1.5+range2.5,10,194,99.5,26490.0,-700.0,11.18,37.84,38.84,140.88,-700.0,-700.0,WF_FULL,
122,2026-04-03 13:52:36,wf_range2.5_is,15:55:00,both_sides,15.0,12.0,single,skip_wed+prior1.5+range2.5,10,123,99.2,14360.0,-700.0,10.22,20.51,21.51,123.44,-700.0,-700.0,WF_IS,
123,2026-04-03 13:52:37,wf_range2.5_oos,15:55:00,both_sides,15.0,12.0,single,skip_wed+prior1.5+range2.5,10,71,100.0,12130.0,0.0,12.59,0,inf,170.85,0,30.0,WF_OOS,
124,2026-04-03 13:52:40,wf_skipwedthu_range2.5_full,15:55:00,both_sides,15.0,12.0,single,none,10,143,100.0,19240.0,0.0,11.58,0,inf,134.55,0,30.0,WF_FULL,
125,2026-04-03 13:56:13,combined_mth12_fri10,15:55:00,both_sides,15.0,10.0,single,none,10,196,99.0,33400.0,-820.0,10.94,40.73,22.97,180.0,-760.0,-820.0,CREATIVE,
126,2026-04-03 13:56:14,combined_mth12q10_fri10q15,15:55:00,both_sides,15.0,10.0,single,none,15,196,99.0,39508.0,-820.0,11.35,48.18,26.99,211.48,-760.0,-820.0,CREATIVE,
127,2026-04-03 13:56:55,d10_all,15:55:00,both_sides,15.0,10.0,single,none,10,291,97.3,34750.0,-5570.0,3.91,6.24,2.84,189.36,-2355.0,-5570.0,SWEEP,
128,2026-04-03 13:56:59,d10_calm,15:55:00,both_sides,15.0,10.0,single,none,10,191,96.3,6830.0,-6570.0,1.04,1.04,1.38,135.71,-2591.43,-5570.0,CREATIVE,
129,2026-04-03 13:57:03,d8_very_calm,15:55:00,both_sides,15.0,10.0,single,none,10,148,96.6,160.0,-7440.0,0.03,0.02,1.01,120.56,-3416.0,-5570.0,CREATIVE,
130,2026-04-03 13:57:07,gap_filter_0.3,15:55:00,both_sides,15.0,10.0,single,skip_wed+prior1.5+gap0.3,10,84,100.0,12170.0,0.0,11.54,0,inf,144.88,0,30.0,SWEEP,
131,2026-04-03 13:57:07,gap_filter_0.5,15:55:00,both_sides,15.0,10.0,single,skip_wed+prior1.5+gap0.5,10,125,100.0,17250.0,0.0,12.02,0,inf,138.0,0,30.0,SWEEP,
132,2026-04-03 13:57:07,gap_filter_0.7,15:55:00,both_sides,15.0,10.0,single,skip_wed+prior1.5+gap0.7,10,151,100.0,20480.0,0.0,12.17,0,inf,135.63,0,30.0,SWEEP,
133,2026-04-03 13:57:07,gap_filter_1.0,15:55:00,both_sides,15.0,10.0,single,skip_wed+prior1.5+gap1.0,10,183,99.5,24410.0,-700.0,11.54,34.87,35.87,137.97,-700.0,-700.0,SWEEP,
134,2026-04-03 13:57:39,final_A: skip_wed + prior<,15:55:00,both_sides,15.0,10.0,single,none,1,213,99.1,31110.0,-820.0,10.22,37.94,21.47,154.64,-760.0,-820.0,FINAL,
135,2026-04-03 13:57:46,final_B: skip_wed+thu + pr,15:55:00,both_sides,15.0,10.0,single,none,1,156,100.0,24480.0,0.0,11.14,0,inf,156.92,0,30.0,FINAL,
136,2026-04-03 13:57:53,final_C: skip_wed + prior<,15:55:00,both_sides,15.0,10.0,single,none,1,194,99.5,26490.0,-700.0,11.18,37.84,38.84,140.88,-700.0,-700.0,FINAL,
137,2026-04-03 13:58:00,final_D: skip_wed + prior<,15:55:00,both_sides,15.0,10.0,single,none,1,175,99.4,21620.0,-700.0,11.79,30.89,31.89,128.28,-700.0,-700.0,FINAL,
138,2026-04-03 14:02:56,rsi_30_70,15:55:00,both_sides,15.0,12.0,single,skip_wed+prior1.5+rsi30-70,10,182,98.9,23580.0,-820.0,10.28,28.76,16.51,139.44,-760.0,-820.0,SWEEP,
139,2026-04-03 14:02:56,rsi_25_75,15:55:00,both_sides,15.0,12.0,single,skip_wed+prior1.5+rsi25-75,10,196,99.0,26600.0,-820.0,10.38,32.44,18.5,144.95,-760.0,-820.0,SWEEP,
140,2026-04-03 14:02:56,rsi_20_80,15:55:00,both_sides,15.0,12.0,single,skip_wed+prior1.5+rsi20-80,10,208,99.0,29910.0,-820.0,10.02,36.48,20.68,152.57,-760.0,-820.0,SWEEP,
141,2026-04-03 14:02:56,rsi_35_65,15:55:00,both_sides,15.0,12.0,single,skip_wed+prior1.5+rsi35-65,10,139,99.3,19070.0,-820.0,10.79,23.26,24.26,144.13,-820.0,-820.0,SWEEP,
142,2026-04-03 14:02:56,rsi_40_60,15:55:00,both_sides,15.0,12.0,single,skip_wed+prior1.5+rsi40-60,10,84,98.8,6870.0,-820.0,9.99,8.38,9.38,92.65,-820.0,-820.0,SWEEP,
143,2026-04-03 14:02:56,sma200_above_sma200,15:55:00,both_sides,15.0,12.0,single,skip_wed+prior1.5+above_sma200,10,178,99.4,26510.0,-700.0,11.52,37.87,38.87,153.73,-700.0,-700.0,SWEEP,
144,2026-04-03 14:02:56,sma200_below_sma200,15:55:00,both_sides,15.0,12.0,single,skip_wed+prior1.5+below_sma200,10,105,98.1,15570.0,-820.0,9.45,18.99,11.24,165.92,-760.0,-820.0,SWEEP,
145,2026-04-03 14:02:56,prior_day_green,15:55:00,both_sides,15.0,12.0,single,none,10,88,98.9,10540.0,-820.0,9.61,12.85,13.85,130.57,-820.0,-820.0,SWEEP,
146,2026-04-03 14:02:56,prior_day_red,15:55:00,both_sides,15.0,12.0,single,none,10,125,99.2,20570.0,-700.0,10.75,29.39,30.39,171.53,-700.0,-700.0,SWEEP,
147,2026-04-03 14:03:02,width_10_final,15:55:00,both_sides,10,12.0,single,none,10,194,99.0,25240.0,-820.0,10.51,30.78,17.08,139.64,-785.0,-820.0,SWEEP,
148,2026-04-03 14:03:06,width_15_final,15:55:00,both_sides,15,12.0,single,none,10,213,99.1,31110.0,-820.0,10.22,37.94,21.47,154.64,-760.0,-820.0,SWEEP,
149,2026-04-03 14:03:11,width_20_final,15:55:00,both_sides,20,12.0,single,none,10,222,99.1,28395.0,-820.0,11.37,34.63,25.8,134.27,-572.5,-820.0,SWEEP,
150,2026-04-03 14:03:16,width_25_final,15:55:00,both_sides,25,12.0,single,none,10,219,99.1,25958.0,-820.0,11.18,31.66,28.61,123.95,-470.0,-820.0,SWEEP,
151,2026-04-03 14:03:49,wf_w15_final,15:55:00,both_sides,10.0,12.0,single,none,10,213,99.1,31110.0,-820.0,10.22,37.94,21.47,154.64,-760.0,-820.0,WF_FULL,
152,2026-04-03 14:03:58,wf_w20_final,15:55:00,both_sides,10.0,12.0,single,none,10,222,99.1,28395.0,-820.0,11.37,34.63,25.8,134.27,-572.5,-820.0,WF_FULL,
153,2026-04-03 14:04:07,wf_w20_skipwedthu,15:55:00,both_sides,10.0,12.0,single,none,10,161,100.0,21575.0,0.0,12.67,0,inf,134.01,0,15.0,WF_FULL,
154,2026-04-03 14:04:15,wf_w20_range2.5,15:55:00,both_sides,10.0,12.0,single,none,10,202,99.5,25815.0,-325.0,12.08,79.43,80.43,130.05,-325.0,-325.0,WF_FULL,
155,2026-04-03 14:05:26,multi_15:50-15:55@5min,11:00:00,both_sides,20.0,12.0,5,none,5,523,96.4,14506.0,-12585.0,0.83,1.15,1.27,134.24,-2797.37,-7885.0,CREATIVE,
156,2026-04-03 14:05:29,multi_15:45-15:55@5min,11:00:00,both_sides,20.0,12.0,5,none,5,891,95.7,34397.0,-23500.0,0.97,1.46,1.33,163.23,-2759.0,-8585.0,CREATIVE,
157,2026-04-03 14:05:33,multi_15:45-15:55@10min,11:00:00,both_sides,20.0,12.0,10,none,5,653,95.7,22105.0,-13005.0,0.92,1.7,1.28,161.02,-2804.64,-8585.0,CREATIVE,
158,2026-04-03 14:05:36,multi_15:40-15:55@5min,11:00:00,both_sides,20.0,12.0,5,none,5,1156,95.4,47293.0,-26115.0,0.93,1.81,1.29,189.03,-3041.72,-9860.0,CREATIVE,
159,2026-04-03 14:05:40,single_15:50,15:50:00,both_sides,20.0,12.0,single,none,10,397,95.2,25982.0,-22455.0,0.92,1.16,1.35,266.8,-3940.53,-15770.0,SWEEP,
160,2026-04-03 14:05:43,single_15:55,15:55:00,both_sides,20.0,12.0,single,none,10,161,100.0,21575.0,0.0,12.67,0,inf,134.01,0,15.0,SWEEP,
161,2026-04-03 14:05:46,single_15:56,15:56:00,both_sides,20.0,12.0,single,none,10,81,100.0,11185.0,0.0,13.35,0,inf,138.09,0,15.0,CREATIVE,
162,2026-04-03 14:05:49,single_15:57,15:57:00,both_sides,20.0,12.0,single,none,10,56,100.0,5480.0,0.0,14.87,0,inf,97.86,0,15.0,CREATIVE,
163,2026-04-03 14:05:53,single_15:58,15:58:00,both_sides,20.0,12.0,single,none,10,18,100.0,1760.0,0.0,16.67,0,inf,97.78,0,30.0,CREATIVE,
164,2026-04-03 14:08:19,gap_0.3_w20,15:55:00,both_sides,20,12.0,single,skip_wed+prior1.5+gap0.3,10,89,100.0,11360.0,0.0,11.68,0,inf,127.64,0,15.0,SWEEP,
165,2026-04-03 14:08:22,gap_0.5_w20,15:55:00,both_sides,20,12.0,single,skip_wed+prior1.5+gap0.5,10,133,100.0,16645.0,0.0,12.5,0,inf,125.15,0,15.0,SWEEP,
166,2026-04-03 14:08:25,gap_0.7_w20,15:55:00,both_sides,20,12.0,single,skip_wed+prior1.5+gap0.7,10,159,100.0,19475.0,0.0,12.65,0,inf,122.48,0,15.0,SWEEP,
167,2026-04-03 14:08:29,gap_1.0_w20,15:55:00,both_sides,20,12.0,single,skip_wed+prior1.5+gap1.0,10,191,99.5,23710.0,-325.0,12.23,72.95,73.95,126.5,-325.0,-325.0,SWEEP,
168,2026-04-03 14:08:32,consecutive_2d_1.0pct,15:55:00,both_sides,20.0,12.0,single,skip_wed+prior1.5+calm2x1.0,10,91,98.9,10310.0,-820.0,9.74,12.57,13.57,123.67,-820.0,-820.0,CREATIVE,
169,2026-04-03 14:08:35,consecutive_2d_1.5pct,15:55:00,both_sides,20.0,12.0,single,skip_wed+prior1.5+calm2x1.5,10,159,99.4,18845.0,-820.0,10.45,22.98,23.98,124.46,-820.0,-820.0,CREATIVE,
170,2026-04-03 14:08:37,consecutive_3d_1.0pct,15:55:00,both_sides,20.0,12.0,single,skip_wed+prior1.5+calm3x1.0,10,59,98.3,7130.0,-820.0,9.24,8.7,9.7,137.07,-820.0,-820.0,CREATIVE,
171,2026-04-03 14:08:40,consecutive_3d_1.5pct,15:55:00,both_sides,20.0,12.0,single,skip_wed+prior1.5+calm3x1.5,10,121,99.2,13060.0,-820.0,10.37,15.93,16.93,115.67,-820.0,-820.0,CREATIVE,
172,2026-04-03 14:08:43,gap0.7_range2.5_w20,15:55:00,both_sides,20,12.0,single,skip_wed+prior1.5+gap0.7+range2.5,10,148,100.0,17295.0,0.0,12.53,0,inf,116.86,0,15.0,CREATIVE,
173,2026-04-03 14:08:46,gap0.7_skipwedthu_w20,15:55:00,both_sides,20,12.0,single,skip_wed+thu+prior1.5+gap0.7,10,118,100.0,14850.0,0.0,12.44,0,inf,125.85,0,15.0,CREATIVE,
174,2026-04-03 14:09:13,wf_gap0.7_full,15:55:00,both_sides,20.0,12.0,single,none,10,159,100.0,19475.0,0.0,12.65,0,inf,122.48,0,15.0,WF_FULL,
175,2026-04-03 14:09:15,wf_gap0.7_is,15:55:00,both_sides,20.0,12.0,single,none,10,110,100.0,12900.0,0.0,13.17,0,inf,117.27,0,15.0,WF_IS,
176,2026-04-03 14:09:16,wf_gap0.7_oos,15:55:00,both_sides,20.0,12.0,single,none,10,49,100.0,6575.0,0.0,11.72,0,inf,134.18,0,15.0,WF_OOS,
177,2026-04-03 14:09:20,wf_gap1.0_full,15:55:00,both_sides,20.0,12.0,single,none,10,191,99.5,23710.0,-325.0,12.23,72.95,73.95,126.5,-325.0,-325.0,WF_FULL,
178,2026-04-03 14:09:22,wf_gap1.0_is,15:55:00,both_sides,20.0,12.0,single,none,10,127,99.2,14165.0,-325.0,12.68,43.58,44.58,115.0,-325.0,-325.0,WF_IS,
179,2026-04-03 14:09:23,wf_gap1.0_oos,15:55:00,both_sides,20.0,12.0,single,none,10,64,100.0,9545.0,0.0,11.78,0,inf,149.14,0,15.0,WF_OOS,
180,2026-04-03 14:10:44,vix_intraday_20,15:55:00,both_sides,20.0,12.0,single,skip_wed+prior1.5+vix1550<=20,10,81,100.0,8700.0,0.0,12.85,0,inf,107.41,0,15.0,SWEEP,
181,2026-04-03 14:10:44,vix_intraday_25,15:55:00,both_sides,20.0,12.0,single,skip_wed+prior1.5+vix1550<=25,10,145,99.3,15605.0,-820.0,10.49,19.03,20.03,114.06,-820.0,-820.0,SWEEP,
182,2026-04-03 14:10:44,vix_intraday_30,15:55:00,both_sides,20.0,12.0,single,skip_wed+prior1.5+vix1550<=30,10,192,99.0,23775.0,-820.0,10.85,28.99,21.76,131.16,-572.5,-820.0,SWEEP,
183,2026-04-03 14:10:44,vix_intraday_35,15:55:00,both_sides,20.0,12.0,single,skip_wed+prior1.5+vix1550<=35,10,218,99.1,27030.0,-820.0,11.45,32.96,24.61,130.44,-572.5,-820.0,SWEEP,
184,2026-04-03 14:11:18,gap1.0_vix1550_25,15:55:00,both_sides,20.0,12.0,single,none,10,128,100.0,14765.0,0.0,11.93,0,inf,115.35,0,15.0,CREATIVE,
185,2026-04-03 14:11:23,vix1550_25_nogap,15:55:00,both_sides,20.0,12.0,single,none,10,128,100.0,14765.0,0.0,11.93,0,inf,115.35,0,15.0,CREATIVE,
186,2026-04-03 14:11:23,vix1550_22,15:55:00,both_sides,20.0,12.0,single,none,10,96,100.0,12060.0,0.0,11.61,0,inf,125.62,0,15.0,CREATIVE,
187,2026-04-03 14:11:29,vix1550_23_noprior,15:55:00,both_sides,20.0,12.0,single,none,10,147,100.0,19115.0,0.0,10.67,0,inf,130.03,0,15.0,CREATIVE,
188,2026-04-03 14:12:03,final_zero_dd_skip_wed + prior<1.5% + g,15:55:00,both_sides,20.0,12.0,single,none,10,159,100.0,19475.0,0.0,12.65,0,inf,122.48,0,15.0,FINAL,
189,2026-04-03 14:12:12,final_zero_dd_skip_wed + prior<1.5% + r,15:55:00,both_sides,20.0,12.0,single,none,10,202,99.5,25815.0,-325.0,12.08,79.43,80.43,130.05,-325.0,-325.0,FINAL,
190,2026-04-03 14:12:22,final_zero_dd_skip_wed+thu + prior<1.5%,15:55:00,both_sides,20.0,12.0,single,none,10,161,100.0,21575.0,0.0,12.67,0,inf,134.01,0,15.0,FINAL,
191,2026-04-03 14:17:30,oi_min_0,15:55:00,both_sides,20.0,12.0,single,skip_wed+prior1.5+oi>=0,10,222,99.1,28395.0,-820.0,11.37,34.63,25.8,134.27,-572.5,-820.0,BASELINE,
192,2026-04-03 14:17:30,oi_min_500,15:55:00,both_sides,20.0,12.0,single,skip_wed+prior1.5+oi>=500,10,214,99.1,27345.0,-820.0,11.55,33.35,24.88,134.39,-572.5,-820.0,SWEEP,
193,2026-04-03 14:17:30,oi_min_1000,15:55:00,both_sides,20.0,12.0,single,skip_wed+prior1.5+oi>=1000,10,204,99.5,27295.0,-325.0,12.63,83.98,84.98,136.06,-325.0,-325.0,SWEEP,
194,2026-04-03 14:17:30,oi_min_2000,15:55:00,both_sides,20.0,12.0,single,skip_wed+prior1.5+oi>=2000,10,189,99.5,26360.0,-325.0,12.57,81.11,82.11,141.94,-325.0,-325.0,SWEEP,
195,2026-04-03 14:17:30,oi_min_3000,15:55:00,both_sides,20.0,12.0,single,skip_wed+prior1.5+oi>=3000,10,177,99.4,25275.0,-325.0,12.4,77.77,78.77,145.45,-325.0,-325.0,SWEEP,
196,2026-04-03 14:17:30,oi_min_5000,15:55:00,both_sides,20.0,12.0,single,skip_wed+prior1.5+oi>=5000,10,147,100.0,22765.0,0.0,12.31,0,inf,154.86,0,15.0,SWEEP,
197,2026-04-03 14:17:30,oi_min_8000,15:55:00,both_sides,20.0,12.0,single,skip_wed+prior1.5+oi>=8000,10,99,100.0,14940.0,0.0,12.47,0,inf,150.91,0,15.0,SWEEP,
198,2026-04-03 14:17:31,oi_min_10000,15:55:00,both_sides,20.0,12.0,single,skip_wed+prior1.5+oi>=10000,10,81,100.0,11240.0,0.0,11.22,0,inf,138.77,0,15.0,SWEEP,
199,2026-04-03 14:18:20,wf_oi1000_full,15:55:00,both_sides,20.0,12.0,single,none,10,204,99.5,27295.0,-325.0,12.63,83.98,84.98,136.06,-325.0,-325.0,WF_FULL,
200,2026-04-03 14:18:29,wf_oi5000_full,15:55:00,both_sides,20.0,12.0,single,none,10,147,100.0,22765.0,0.0,12.31,0,inf,154.86,0,15.0,WF_FULL,
201,2026-04-03 14:19:10,fri_w10_d10,15:55:00,both_sides,10,10.0,single,none,10,94,100.0,16870.0,0.0,13.49,0,inf,179.47,0,30.0,CREATIVE,
202,2026-04-03 14:19:11,fri_w15_d10,15:55:00,both_sides,15,10.0,single,none,10,103,100.0,20590.0,0.0,12.44,0,inf,199.9,0,30.0,CREATIVE,
203,2026-04-03 14:19:12,fri_w20_d10,15:55:00,both_sides,20,10.0,single,none,10,105,100.0,19900.0,0.0,12.98,0,inf,189.52,0,15.0,CREATIVE,
204,2026-04-03 14:19:13,fri_w25_d10,15:55:00,both_sides,25,10.0,single,none,10,106,100.0,18606.0,0.0,13.0,0,inf,175.53,0,6.0,CREATIVE,
205,2026-04-03 14:19:15,fri_w30_d10,15:55:00,both_sides,30,10.0,single,none,10,85,100.0,18000.0,0.0,13.16,0,inf,211.76,0,30.0,CREATIVE,
206,2026-04-03 14:19:16,fri_w40_d10,15:55:00,both_sides,40,10.0,single,none,10,85,100.0,12740.0,0.0,13.05,0,inf,149.88,0,21.0,CREATIVE,
207,2026-04-03 14:19:17,fri_w50_d10,15:55:00,both_sides,50,10.0,single,none,10,85,100.0,10950.0,0.0,12.97,0,inf,128.82,0,18.0,CREATIVE,
208,2026-04-03 14:19:18,fri_w15_d8,15:55:00,both_sides,15,8,single,none,10,138,97.1,27420.0,-2270.0,7.92,12.08,6.48,241.94,-1250.0,-2270.0,CREATIVE,
209,2026-04-03 14:19:20,fri_w20_d8,15:55:00,both_sides,20,8,single,none,10,139,97.1,26998.0,-2270.0,8.75,11.89,8.48,226.73,-902.5,-2270.0,CREATIVE,
210,2026-04-03 14:19:21,fri_w25_d8,15:55:00,both_sides,25,8,single,none,10,140,97.1,26036.0,-2270.0,9.07,11.47,10.31,212.0,-699.0,-2270.0,CREATIVE,
211,2026-04-03 14:19:22,fri_w30_d8,15:55:00,both_sides,30,8,single,none,10,110,99.1,24600.0,-2270.0,8.92,10.84,11.84,246.51,-2270.0,-2270.0,CREATIVE,
215,2026-04-03 14:20:01,ultimate_combined_full,15:55:00,both_sides,15.0,10.0,single,none,10,192,99.5,32740.0,-325.0,11.91,100.74,101.74,173.12,-325.0,-325.0,CREATIVE,
216,2026-04-03 14:20:07,ultimate_v2_full,15:55:00,both_sides,15.0,10.0,single,none,15,192,99.5,38848.0,-325.0,12.03,119.53,120.53,205.09,-325.0,-325.0,CREATIVE,
217,2026-04-03 14:21:41,asym_put10_call15,15:55:00,always_call,20.0,15.0,single,none,10,229,98.3,31640.0,-5570.0,3.9,5.68,3.28,202.22,-3465.0,-5570.0,CREATIVE,
218,2026-04-03 14:21:44,asym_put10_call12,15:55:00,always_call,20.0,12.0,single,none,10,276,98.2,39120.0,-5570.0,4.61,7.02,3.7,197.9,-2902.0,-5570.0,CREATIVE,
219,2026-04-03 14:21:45,fri_q10,15:55:00,both_sides,15.0,10.0,single,none,10,103,100.0,20590.0,0.0,12.44,0,inf,199.9,0,30.0,CREATIVE,
220,2026-04-03 14:21:46,fri_q15,15:55:00,both_sides,15.0,10.0,single,none,15,103,100.0,26698.0,0.0,13.33,0,inf,259.2,0,15.0,CREATIVE,
221,2026-04-03 14:21:48,fri_q20,15:55:00,both_sides,15.0,10.0,single,none,20,85,100.0,32766.0,0.0,13.65,0,inf,385.48,0,23.0,CREATIVE,
222,2026-04-03 14:24:21,corrected_ultimate,15:55:00,both_sides,15.0,10.0,single,none,10,192,99.5,29683.0,-455.0,11.23,65.24,66.24,157.79,-455.0,-455.0,FINAL,
223,2026-04-03 14:24:28,simple_q7,15:55:00,both_sides,20.0,12.0,single,none,7,222,99.1,22736.0,-574.0,10.82,39.61,23.1,108.02,-514.5,-574.0,FINAL,
224,2026-04-03 14:24:35,zero_dd_q7,15:55:00,both_sides,20.0,12.0,single,none,7,161,100.0,17556.0,0.0,12.0,0,inf,109.04,0,21.0,FINAL,
225,2026-04-03 14:27:19,straddle_1.5x,11:00:00,always_put,10.0,10.0,single,none,1,111,97.3,3178.0,-1246.0,2.98,2.55,2.16,54.7,-910.0,-1246.0,CREATIVE,
226,2026-04-03 14:27:22,straddle_2.0x,11:00:00,always_put,10.0,10.0,single,none,1,24,100.0,854.0,0.0,20.81,0,inf,35.58,0,21.0,CREATIVE,
227,2026-04-03 14:27:25,straddle_2.5x,11:00:00,always_put,10.0,10.0,single,none,1,3,100.0,63.0,0.0,0,0,inf,21.0,0,21.0,CREATIVE,
228,2026-04-03 14:27:29,straddle_3.0x,11:00:00,always_put,10.0,10.0,single,none,1,1,100.0,21.0,0.0,0,0,inf,21.0,0,21.0,CREATIVE,
229,2026-04-03 14:28:00,vix_regime_switch,15:55:00,both_sides,10.0,10.0,single,none,1,148,99.3,11849.0,-1456.0,7.31,8.14,9.14,90.51,-1456.0,-1456.0,CREATIVE,
230,2026-04-03 14:28:33,tue_d12,15:55:00,both_sides,20.0,12,single,none,7,42,100.0,3367.0,0.0,14.25,0,inf,80.17,0,21.0,CREATIVE,
231,2026-04-03 14:28:35,tue_d15,15:55:00,both_sides,20.0,15,single,none,7,22,100.0,1372.0,0.0,22.2,0,inf,62.36,0,21.0,CREATIVE,
232,2026-04-03 14:28:36,tue_d18,15:55:00,both_sides,20.0,18,single,none,7,9,100.0,539.0,0.0,17.68,0,inf,59.89,0,21.0,CREATIVE,
233,2026-04-03 14:28:38,tue_d20,15:55:00,both_sides,20.0,20,single,none,7,7,100.0,217.0,0.0,28.81,0,inf,31.0,0,21.0,CREATIVE,
234,2026-04-03 14:28:39,dow_Mon_d15,15:55:00,both_sides,20.0,15.0,single,none,7,18,100.0,1743.0,0.0,11.4,0,inf,96.83,0,21.0,CREATIVE,
235,2026-04-03 14:28:40,dow_Tue_d15,15:55:00,both_sides,20.0,15.0,single,none,7,22,100.0,1372.0,0.0,22.2,0,inf,62.36,0,21.0,CREATIVE,
236,2026-04-03 14:28:41,dow_Wed_d15,15:55:00,both_sides,20.0,15.0,single,none,7,48,97.9,-7378.0,-12390.0,-1.55,-0.6,0.4,106.64,-12390.0,-12390.0,CREATIVE,
237,2026-04-03 14:28:43,dow_Thu_d15,15:55:00,both_sides,20.0,15.0,single,none,7,38,97.4,2513.0,-574.0,7.26,4.38,5.38,83.43,-574.0,-574.0,CREATIVE,
238,2026-04-03 14:28:44,dow_Fri_d15,15:55:00,both_sides,20.0,15.0,single,none,7,46,100.0,3836.0,0.0,12.52,0,inf,83.39,0,21.0,CREATIVE,
239,2026-04-03 14:29:27,optimal_perday,15:55:00,both_sides,20.0,10.0,single,none,7,199,99.5,20069.0,-574.0,11.03,34.96,35.96,104.26,-574.0,-574.0,CREATIVE,
240,2026-04-03 14:29:37,mtuf_d12_skipwedthu,15:55:00,both_sides,20.0,12.0,single,none,7,161,100.0,17556.0,0.0,12.0,0,inf,109.04,0,21.0,CREATIVE,
238,2026-04-03 14:48:02,year_2022,15:55:00,both_sides,20.0,12.0,single,none,7,51,100.0,5586.0,0.0,16.39,0,inf,109.53,0,21.0,VALIDATION,
239,2026-04-03 14:48:03,year_2023,15:55:00,both_sides,20.0,12.0,single,none,7,8,100.0,378.0,0.0,27.81,0,inf,47.25,0,21.0,VALIDATION,
240,2026-04-03 14:48:04,year_2024,15:55:00,both_sides,20.0,12.0,single,none,7,37,100.0,3682.0,0.0,13.76,0,inf,99.51,0,21.0,VALIDATION,
241,2026-04-03 14:48:05,year_2025,15:55:00,both_sides,20.0,12.0,single,none,7,38,100.0,4718.0,0.0,10.41,0,inf,124.16,0,21.0,VALIDATION,
242,2026-04-03 14:48:05,year_2026,15:55:00,both_sides,20.0,12.0,single,none,7,14,100.0,994.0,0.0,32.13,0,inf,71.0,0,21.0,VALIDATION,
243,2026-04-03 14:48:09,comm_0.0,15:55:00,both_sides,20.0,12.0,single,none,7,148,100.0,17430.0,0.0,14.64,0,inf,117.77,0,35.0,VALIDATION,
244,2026-04-03 14:48:14,comm_0.5,15:55:00,both_sides,20.0,12.0,single,none,7,148,100.0,15358.0,0.0,13.06,0,inf,103.77,0,21.0,VALIDATION,
245,2026-04-03 14:48:18,comm_0.65,15:55:00,both_sides,20.0,12.0,single,none,7,148,100.0,14736.4,0.0,12.57,0,inf,99.57,0,16.8,VALIDATION,
246,2026-04-03 14:48:23,comm_1.0,15:55:00,both_sides,20.0,12.0,single,none,7,148,100.0,13286.0,0.0,11.43,0,inf,89.77,0,7.0,VALIDATION,
247,2026-04-03 14:48:28,comm_1.5,15:55:00,both_sides,20.0,12.0,single,none,7,148,60.8,11214.0,-35.0,9.74,320.4,28.62,129.11,-7.0,-7.0,VALIDATION,
248,2026-04-03 14:48:33,timing_15:53,15:55:00,both_sides,20.0,12.0,single,none,7,207,96.1,11361.0,-6048.0,1.81,1.88,1.69,140.07,-2064.12,-5488.0,VALIDATION,
249,2026-04-03 14:48:38,timing_15:54,15:55:00,both_sides,20.0,12.0,single,none,7,177,95.5,6860.0,-5936.0,1.47,1.16,1.49,122.69,-1734.25,-3269.0,VALIDATION,
250,2026-04-03 14:48:43,timing_15:55,15:55:00,both_sides,20.0,12.0,single,none,7,148,100.0,15358.0,0.0,13.06,0,inf,103.77,0,21.0,VALIDATION,
251,2026-04-03 14:48:48,timing_15:56,15:55:00,both_sides,20.0,12.0,single,none,7,72,100.0,7707.0,0.0,12.47,0,inf,107.04,0,21.0,VALIDATION,
252,2026-04-03 14:48:53,mincredit_0.05,15:55:00,both_sides,20.0,12.0,single,none,7,148,100.0,15358.0,0.0,13.06,0,inf,103.77,0,21.0,VALIDATION,
253,2026-04-03 14:48:58,mincredit_0.1,15:55:00,both_sides,20.0,12.0,single,none,7,66,100.0,12796.0,0.0,20.53,0,inf,193.88,0,91.0,VALIDATION,
254,2026-04-03 14:49:03,mincredit_0.15,15:55:00,both_sides,20.0,12.0,single,none,7,66,100.0,12796.0,0.0,20.53,0,inf,193.88,0,91.0,VALIDATION,
255,2026-04-03 14:49:08,mincredit_0.2,15:55:00,both_sides,20.0,12.0,single,none,7,42,100.0,10612.0,0.0,25.87,0,inf,252.67,0,126.0,VALIDATION,
256,2026-04-03 14:49:13,mincredit_0.3,15:55:00,both_sides,20.0,12.0,single,none,7,23,100.0,7833.0,0.0,33.64,0,inf,340.57,0,196.0,VALIDATION,
257,2026-04-03 14:50:54,asym_p10_c12,15:55:00,always_call,20.0,12.0,single,none,7,186,99.5,23632.0,-1918.0,8.05,12.32,13.32,138.11,-1918.0,-1918.0,CREATIVE,
258,2026-04-03 14:51:02,asym_p10_c15,15:55:00,always_call,20.0,15.0,single,none,7,151,99.3,20097.0,-1918.0,7.45,10.48,11.48,146.77,-1918.0,-1918.0,CREATIVE,
259,2026-04-03 14:51:11,asym_p12_c12,15:55:00,always_call,20.0,12.0,single,none,7,148,100.0,15358.0,0.0,13.06,0,inf,103.77,0,21.0,CREATIVE,
260,2026-04-03 14:51:19,asym_p12_c15,15:55:00,always_call,20.0,15.0,single,none,7,113,100.0,11823.0,0.0,12.93,0,inf,104.63,0,21.0,CREATIVE,
261,2026-04-03 14:51:27,asym_p15_c10,15:55:00,always_call,20.0,10.0,single,none,7,134,97.8,8575.0,-1456.0,5.16,5.89,3.9,88.06,-987.0,-1456.0,CREATIVE,
262,2026-04-03 14:51:35,asym_p15_c12,15:55:00,always_call,20.0,12.0,single,none,7,114,100.0,9604.0,0.0,12.78,0,inf,84.25,0,21.0,CREATIVE,
263,2026-04-03 14:52:53,composite_ema_bearish_skip,15:55:00,both_sides,20.0,12.0,single,none,7,108,100.0,10773.0,0.0,11.53,0,inf,99.75,0,21.0,CREATIVE,
264,2026-04-03 14:52:53,composite_atr<100,15:55:00,both_sides,20.0,12.0,single,none,7,184,99.5,18543.0,-455.0,11.48,40.75,41.75,103.81,-455.0,-455.0,CREATIVE,
265,2026-04-03 14:52:53,composite_atr<120,15:55:00,both_sides,20.0,12.0,single,none,7,214,99.5,22638.0,-455.0,11.38,49.75,50.75,108.42,-455.0,-455.0,CREATIVE,
266,2026-04-03 14:52:53,composite_ema_bear+atr>100 ski,15:55:00,both_sides,20.0,12.0,single,none,7,185,99.5,18564.0,-455.0,11.44,40.8,41.8,103.36,-455.0,-455.0,CREATIVE,
267,2026-04-03 14:52:53,composite_gap<0.7 (post-hoc),15:55:00,both_sides,20.0,12.0,single,none,7,159,100.0,15834.0,0.0,11.87,0,inf,99.58,0,21.0,CREATIVE,
268,2026-04-03 14:52:53,composite_vix1d<20,15:55:00,both_sides,20.0,12.0,single,none,7,144,100.0,16149.0,0.0,11.45,0,inf,112.15,0,21.0,CREATIVE,
269,2026-04-03 14:52:53,composite_vix1d<22,15:55:00,both_sides,20.0,12.0,single,none,7,155,100.0,17010.0,0.0,11.41,0,inf,109.74,0,21.0,CREATIVE,
270,2026-04-03 14:52:53,composite_vix1d<25,15:55:00,both_sides,20.0,12.0,single,none,7,175,99.4,19250.0,-574.0,10.75,33.54,34.54,113.93,-574.0,-574.0,CREATIVE,
271,2026-04-03 15:19:28,fill_sim_Baseline_(15:55_bid/,15:55:00,both_sides,20.0,12.0,single,none,7,148,100.0,15358.0,0.0,13.06,0,inf,103.77,0,21.0,VALIDATION,
272,2026-04-03 15:19:32,fill_sim_10%%_credit_haircut,15:55:00,both_sides,20.0,12.0,single,none,7,90,100.0,12600.0,0.0,18.11,0,inf,140.0,0,49.0,VALIDATION,
273,2026-04-03 15:19:36,fill_sim_20%%_credit_haircut,15:55:00,both_sides,20.0,12.0,single,none,7,90,100.0,11060.0,0.0,17.92,0,inf,122.89,0,42.0,VALIDATION,
274,2026-04-03 15:19:41,fill_sim_30%%_credit_haircut,15:55:00,both_sides,20.0,12.0,single,none,7,90,100.0,9520.0,0.0,17.66,0,inf,105.78,0,35.0,VALIDATION,
275,2026-04-03 15:19:45,fill_sim_50%%_credit_haircut,15:55:00,both_sides,20.0,12.0,single,none,7,66,100.0,5936.0,0.0,19.31,0,inf,89.94,0,38.5,VALIDATION,
276,2026-04-03 15:19:48,fill_sim_Stale_quote_(15:54_f,15:55:00,both_sides,20.0,12.0,single,none,7,175,100.0,29610.0,0.0,11.01,0,inf,169.2,0,21.0,VALIDATION,
277,2026-04-03 15:19:52,fill_sim_Stale_+_10%%_haircut,15:55:00,both_sides,20.0,12.0,single,none,7,121,100.0,25459.0,0.0,13.47,0,inf,210.4,0,49.0,VALIDATION,
278,2026-04-03 15:19:56,fill_sim_Stale_+_20%%_haircut,15:55:00,both_sides,20.0,12.0,single,none,7,121,100.0,22442.0,0.0,13.37,0,inf,185.47,0,42.0,VALIDATION,
279,2026-04-03 15:20:35,vix_intraday_change_-2.0,15:55:00,both_sides,20.0,12.0,single,none,7,12,100.0,1407.0,0.0,18.0,0,inf,117.25,0,21.0,CREATIVE,
280,2026-04-03 15:20:35,vix_intraday_change_-1.0,15:55:00,both_sides,20.0,12.0,single,none,7,46,100.0,4046.0,0.0,13.72,0,inf,87.96,0,21.0,CREATIVE,
281,2026-04-03 15:20:35,vix_intraday_change_-0.5,15:55:00,both_sides,20.0,12.0,single,none,7,68,97.1,4942.0,-574.0,7.93,8.61,5.8,90.47,-514.5,-574.0,CREATIVE,
282,2026-04-03 15:20:35,vix_intraday_change_0.0,15:55:00,both_sides,20.0,12.0,single,none,7,110,98.2,7504.0,-574.0,8.78,13.07,8.29,79.01,-514.5,-574.0,CREATIVE,
283,2026-04-03 15:20:35,vix_intraday_change_0.5,15:55:00,both_sides,20.0,12.0,single,none,7,130,98.5,9009.0,-574.0,9.15,15.7,9.76,78.42,-514.5,-574.0,CREATIVE,
284,2026-04-03 15:20:35,vix_intraday_change_1.0,15:55:00,both_sides,20.0,12.0,single,none,7,151,98.7,11515.0,-574.0,9.57,20.06,12.19,84.19,-514.5,-574.0,CREATIVE,
285,2026-04-03 15:20:35,vix_intraday_change_2.0,15:55:00,both_sides,20.0,12.0,single,none,7,186,98.9,15890.0,-574.0,10.29,27.68,16.44,91.95,-514.5,-574.0,CREATIVE,
286,2026-04-03 15:21:15,intraday_range1500_0.5,15:55:00,both_sides,20.0,12.0,single,none,7,4,100.0,119.0,0.0,26.99,0,inf,29.75,0,21.0,CREATIVE,
287,2026-04-03 15:21:15,intraday_range1500_0.75,15:55:00,both_sides,20.0,12.0,single,none,7,14,100.0,1484.0,0.0,8.35,0,inf,106.0,0,21.0,CREATIVE,
288,2026-04-03 15:21:16,intraday_range1500_1.0,15:55:00,both_sides,20.0,12.0,single,none,7,45,97.8,2835.0,-574.0,7.04,4.94,5.94,77.48,-574.0,-574.0,CREATIVE,
289,2026-04-03 15:21:16,intraday_range1500_1.25,15:55:00,both_sides,20.0,12.0,single,none,7,91,98.9,6566.0,-574.0,8.45,11.44,12.44,79.33,-574.0,-574.0,CREATIVE,
290,2026-04-03 15:21:16,intraday_range1500_1.5,15:55:00,both_sides,20.0,12.0,single,none,7,131,99.2,9996.0,-574.0,9.93,17.41,18.41,81.31,-574.0,-574.0,CREATIVE,
291,2026-04-03 15:21:16,intraday_range1500_2.0,15:55:00,both_sides,20.0,12.0,single,none,7,175,99.4,16450.0,-574.0,10.34,28.66,29.66,97.84,-574.0,-574.0,CREATIVE,
292,2026-04-03 15:21:16,intraday_range1500_2.5,15:55:00,both_sides,20.0,12.0,single,none,7,205,99.0,19859.0,-574.0,10.36,34.6,20.3,102.9,-514.5,-574.0,CREATIVE,
293,2026-04-03 15:21:17,intraday_range1500_3.0,15:55:00,both_sides,20.0,12.0,single,none,7,216,99.1,21805.0,-574.0,10.59,37.99,22.19,106.7,-514.5,-574.0,CREATIVE,
294,2026-04-03 15:21:17,afternoon_ret_0.25,15:55:00,both_sides,20.0,12.0,single,none,7,91,100.0,8211.0,0.0,10.47,0,inf,90.23,0,21.0,CREATIVE,
295,2026-04-03 15:21:17,afternoon_ret_0.5,15:55:00,both_sides,20.0,12.0,single,none,7,161,99.4,16786.0,-574.0,11.1,29.24,30.24,108.5,-574.0,-574.0,CREATIVE,
296,2026-04-03 15:21:17,afternoon_ret_0.75,15:55:00,both_sides,20.0,12.0,single,none,7,195,99.0,20489.0,-574.0,10.72,35.7,20.91,111.49,-514.5,-574.0,CREATIVE,
297,2026-04-03 15:21:17,afternoon_ret_1.0,15:55:00,both_sides,20.0,12.0,single,none,7,212,99.1,21651.0,-574.0,10.74,37.72,22.04,108.0,-514.5,-574.0,CREATIVE,
298,2026-04-03 15:21:18,afternoon_ret_1.5,15:55:00,both_sides,20.0,12.0,single,none,7,222,99.1,22736.0,-574.0,10.82,39.61,23.1,108.02,-514.5,-574.0,CREATIVE,
299,2026-04-03 15:21:18,last_hr_ret_0.1,15:55:00,both_sides,20.0,12.0,single,none,7,39,100.0,2709.0,0.0,12.02,0,inf,69.46,0,21.0,CREATIVE,
300,2026-04-03 15:21:18,last_hr_ret_0.2,15:55:00,both_sides,20.0,12.0,single,none,7,91,100.0,7301.0,0.0,11.34,0,inf,80.23,0,21.0,CREATIVE,
301,2026-04-03 15:21:18,last_hr_ret_0.3,15:55:00,both_sides,20.0,12.0,single,none,7,129,99.2,10024.0,-574.0,9.96,17.46,18.46,82.8,-574.0,-574.0,CREATIVE,
302,2026-04-03 15:21:18,last_hr_ret_0.5,15:55:00,both_sides,20.0,12.0,single,none,7,172,98.8,13531.0,-574.0,9.8,23.57,14.15,85.65,-514.5,-574.0,CREATIVE,
303,2026-04-03 15:23:27,wed_d12,15:55:00,both_sides,20.0,12.0,single,none,7,79,98.7,-2632.0,-13734.0,-0.38,-0.19,0.81,142.33,-13734.0,-13734.0,CREATIVE,
304,2026-04-03 15:23:28,wed_d15,15:55:00,both_sides,20.0,12.0,single,none,7,48,97.9,-7378.0,-12390.0,-1.55,-0.6,0.4,106.64,-12390.0,-12390.0,CREATIVE,
305,2026-04-03 15:23:29,wed_d18,15:55:00,both_sides,20.0,12.0,single,none,7,26,96.2,-9800.0,-12390.0,-2.77,-0.79,0.21,103.6,-12390.0,-12390.0,CREATIVE,
306,2026-04-03 15:23:30,wed_d20,15:55:00,both_sides,20.0,12.0,single,none,7,18,94.4,-7238.0,-8960.0,-3.37,-0.81,0.19,101.29,-8960.0,-8960.0,CREATIVE,
307,2026-04-03 15:23:31,wed_d25,15:55:00,both_sides,20.0,12.0,single,none,7,8,87.5,-4858.0,-5460.0,-5.24,-0.89,0.11,86.0,-5460.0,-5460.0,CREATIVE,
308,2026-04-03 15:23:32,thu_d15_oi1000,15:55:00,both_sides,20.0,12.0,single,none,7,37,100.0,3087.0,0.0,11.86,0,inf,83.43,0,21.0,CREATIVE,
309,2026-04-03 15:23:33,thu_d15_oi5000,15:55:00,both_sides,20.0,12.0,single,none,7,27,100.0,2282.0,0.0,11.68,0,inf,84.52,0,21.0,CREATIVE,
310,2026-04-03 15:23:35,thu_d20_oi1000,15:55:00,both_sides,20.0,12.0,single,none,7,12,100.0,777.0,0.0,16.83,0,inf,64.75,0,21.0,CREATIVE,
311,2026-04-03 15:23:36,thu_d20_oi5000,15:55:00,both_sides,20.0,12.0,single,none,7,10,100.0,700.0,0.0,15.88,0,inf,70.0,0,21.0,CREATIVE,
312,2026-04-03 15:23:40,mega_combined,15:55:00,both_sides,15.0,12.0,single,none,7,192,100.0,29214.0,0.0,11.39,0,inf,152.16,0,21.0,CREATIVE,
313,2026-04-03 15:24:23,optimized_mega,15:55:00,both_sides,15.0,10.0,single,none,10,219,100.0,31601.0,0.0,11.22,0,inf,144.3,0,21.0,FINAL,
314,2026-04-03 16:48:38,adaptive_otm_Fixed d=12,11:00:00,always_put,10.0,10.0,single,none,1,161,100.0,17556.0,0.0,12.0,0,inf,109.04,0,21.0,CREATIVE,
315,2026-04-03 16:48:41,"adaptive_otm_Calm<1%→d=10, else d=12",11:00:00,always_put,10.0,10.0,single,none,1,188,98.9,17094.0,-1456.0,7.36,11.74,7.33,106.43,-1351.0,-1456.0,CREATIVE,
316,2026-04-03 16:48:45,"adaptive_otm_Calm<1%→d=10, Med<2%→d=12",11:00:00,always_put,10.0,10.0,single,none,1,177,98.9,13993.0,-1456.0,6.66,9.61,6.18,95.4,-1351.0,-1456.0,CREATIVE,
317,2026-04-03 16:48:48,"adaptive_otm_Calm<0.8%→d=8, Med<1.5%→d",11:00:00,always_put,10.0,10.0,single,none,1,184,100.0,14854.0,0.0,12.06,0,inf,80.73,0,21.0,CREATIVE,
318,2026-04-03 16:48:51,"adaptive_otm_Calm<1.5%→d=10, else d=15",11:00:00,always_put,10.0,10.0,single,none,1,185,97.8,13237.0,-2527.0,4.93,5.24,3.71,100.09,-1219.75,-1918.0,CREATIVE,
319,2026-04-03 16:49:31,straddle10am_10,15:55:00,both_sides,20.0,12.0,single,none,7,1,100.0,21.0,0.0,0,0,inf,21.0,0,21.0,CREATIVE,
320,2026-04-03 16:49:31,straddle10am_15,15:55:00,both_sides,20.0,12.0,single,none,7,1,100.0,21.0,0.0,0,0,inf,21.0,0,21.0,CREATIVE,
321,2026-04-03 16:49:31,straddle10am_20,15:55:00,both_sides,20.0,12.0,single,none,7,6,100.0,266.0,0.0,41.88,0,inf,44.33,0,21.0,CREATIVE,
322,2026-04-03 16:49:31,straddle10am_25,15:55:00,both_sides,20.0,12.0,single,none,7,12,100.0,637.0,0.0,22.81,0,inf,53.08,0,21.0,CREATIVE,
323,2026-04-03 16:49:31,straddle10am_30,15:55:00,both_sides,20.0,12.0,single,none,7,23,100.0,1673.0,0.0,7.57,0,inf,72.74,0,21.0,CREATIVE,
324,2026-04-03 16:49:31,straddle10am_40,15:55:00,both_sides,20.0,12.0,single,none,7,78,100.0,5908.0,0.0,10.46,0,inf,75.74,0,21.0,CREATIVE,
325,2026-04-03 16:50:21,ml_prob_0.1,15:55:00,both_sides,20.0,12.0,single,none,7,96,100.0,12621.0,0.0,12.78,0,inf,131.47,0,21.0,CREATIVE,
326,2026-04-03 16:50:21,ml_prob_0.2,15:55:00,both_sides,20.0,12.0,single,none,7,131,100.0,15036.0,0.0,11.8,0,inf,114.78,0,21.0,CREATIVE,
327,2026-04-03 16:50:21,ml_prob_0.3,15:55:00,both_sides,20.0,12.0,single,none,7,150,100.0,17080.0,0.0,12.15,0,inf,113.87,0,21.0,CREATIVE,
328,2026-04-03 16:50:21,ml_prob_0.4,15:55:00,both_sides,20.0,12.0,single,none,7,166,100.0,18515.0,0.0,12.04,0,inf,111.54,0,21.0,CREATIVE,
329,2026-04-03 16:50:21,ml_prob_0.5,15:55:00,both_sides,20.0,12.0,single,none,7,172,100.0,18886.0,0.0,11.9,0,inf,109.8,0,21.0,CREATIVE,
330,2026-04-03 16:51:00,wide_spread_w10_q15,15:55:00,both_sides,10,12.0,single,none,15,143,100.0,30360.0,0.0,12.65,0,inf,212.31,0,45.0,CREATIVE,
331,2026-04-03 16:51:03,wide_spread_w15_q10,15:55:00,both_sides,15,12.0,single,none,10,156,100.0,24480.0,0.0,11.14,0,inf,156.92,0,30.0,CREATIVE,
332,2026-04-03 16:51:06,wide_spread_w20_q7,15:55:00,both_sides,20,12.0,single,none,7,161,100.0,17556.0,0.0,12.0,0,inf,109.04,0,21.0,CREATIVE,
333,2026-04-03 16:51:09,wide_spread_w25_q6,15:55:00,both_sides,25,12.0,single,none,6,160,100.0,15060.0,0.0,11.63,0,inf,94.12,0,18.0,CREATIVE,
334,2026-04-03 16:51:12,wide_spread_w30_q5,15:55:00,both_sides,30,12.0,single,none,5,162,100.0,12930.0,0.0,11.72,0,inf,79.81,0,15.0,CREATIVE,
335,2026-04-03 16:51:16,wide_spread_w40_q3,15:55:00,both_sides,40,12.0,single,none,3,159,100.0,7791.0,0.0,11.75,0,inf,49.0,0,9.0,CREATIVE,
336,2026-04-03 16:51:19,wide_spread_w50_q3,15:55:00,both_sides,50,12.0,single,none,3,160,100.0,7800.0,0.0,11.69,0,inf,48.75,0,9.0,CREATIVE,
337,2026-04-03 16:52:00,wf_w10q15_full,15:55:00,both_sides,10.0,12.0,single,none,1,143,100.0,30360.0,0.0,12.65,0,inf,212.31,0,45.0,FINAL,
338,2026-04-03 16:52:11,mega_w10q15,15:55:00,both_sides,10.0,12.0,single,none,1,198,100.0,45585.0,0.0,12.41,0,inf,230.23,0,45.0,FINAL,
340,2026-04-03 16:54:01,ultra_w5_q30,15:55:00,both_sides,5,12.0,single,none,30,87,100.0,28230.0,0.0,15.28,0,inf,324.48,0,90.0,CREATIVE,
341,2026-04-03 16:54:04,ultra_w5_q25,15:55:00,both_sides,5,12.0,single,none,25,87,100.0,23525.0,0.0,15.28,0,inf,270.4,0,75.0,CREATIVE,
342,2026-04-03 16:54:07,ultra_w5_q20,15:55:00,both_sides,5,12.0,single,none,20,87,100.0,18820.0,0.0,15.28,0,inf,216.32,0,60.0,CREATIVE,
343,2026-04-03 16:54:11,ultra_w5_q15,15:55:00,both_sides,5,12.0,single,none,15,87,100.0,14115.0,0.0,15.28,0,inf,162.24,0,45.0,CREATIVE,
344,2026-04-03 16:54:14,ultra_w10_q15,15:55:00,both_sides,10,12.0,single,none,15,143,100.0,30360.0,0.0,12.65,0,inf,212.31,0,45.0,CREATIVE,
345,2026-04-03 16:54:17,ultra_w10_q10,15:55:00,both_sides,10,12.0,single,none,10,143,100.0,20240.0,0.0,12.65,0,inf,141.54,0,30.0,CREATIVE,
346,2026-04-03 16:54:52,mega_w5q30,15:55:00,both_sides,10.0,10.0,single,none,1,125,100.0,44400.0,0.0,15.77,0,inf,355.2,0,90.0,CREATIVE,
346,2026-04-03 16:58:13,finetune_d10,15:55:00,both_sides,10.0,10,single,none,15,202,98.0,40230.0,-5640.0,6.28,7.13,4.79,256.74,-2651.25,-4110.0,CREATIVE,
347,2026-04-03 16:58:16,finetune_d11,15:55:00,both_sides,10.0,11,single,none,15,169,99.4,36615.0,-2670.0,9.4,13.71,14.71,233.84,-2670.0,-2670.0,CREATIVE,
348,2026-04-03 16:58:20,finetune_d12,15:55:00,both_sides,10.0,12,single,none,15,143,100.0,30360.0,0.0,12.65,0,inf,212.31,0,45.0,CREATIVE,
349,2026-04-03 16:58:23,finetune_d13,15:55:00,both_sides,10.0,13,single,none,15,112,100.0,20865.0,0.0,12.98,0,inf,186.29,0,45.0,CREATIVE,
350,2026-04-03 16:58:26,finetune_d14,15:55:00,both_sides,10.0,14,single,none,15,88,100.0,15660.0,0.0,12.18,0,inf,177.95,0,45.0,CREATIVE,
351,2026-04-03 16:58:29,finetune_d15,15:55:00,both_sides,10.0,15,single,none,15,74,100.0,12180.0,0.0,11.37,0,inf,164.59,0,45.0,CREATIVE,
352,2026-04-03 16:58:32,finetune_put_d=10,15:55:00,both_sides,10.0,12.0,single,none,15,115,99.1,29145.0,-4110.0,7.47,7.09,8.09,291.71,-4110.0,-4110.0,CREATIVE,
353,2026-04-03 16:58:35,finetune_put_d=12,15:55:00,both_sides,10.0,12.0,single,none,15,77,100.0,18165.0,0.0,13.56,0,inf,235.91,0,45.0,CREATIVE,
354,2026-04-03 16:58:38,finetune_call_d=10,15:55:00,both_sides,10.0,12.0,single,none,15,87,96.6,11085.0,-3120.0,3.87,3.55,2.71,209.29,-2165.0,-3120.0,CREATIVE,
355,2026-04-03 16:58:41,finetune_call_d=12,15:55:00,both_sides,10.0,12.0,single,none,15,66,100.0,12195.0,0.0,15.14,0,inf,184.77,0,45.0,CREATIVE,
356,2026-04-03 16:58:47,dual_entry_5556,15:55:00,both_sides,10.0,12.0,single,none,15,219,100.0,25416.0,0.0,10.41,0,inf,116.05,0,24.0,CREATIVE,
357,2026-04-03 20:17:52,straddle_all_days_3,15:55:00,both_sides,10.0,12.0,single,none,15,124,98.4,16980.0,-14655.0,1.66,1.16,2.07,269.39,-7942.5,-14655.0,CREATIVE,
358,2026-04-03 20:17:57,straddle_all_days_4,15:55:00,both_sides,10.0,12.0,single,none,15,124,98.4,16980.0,-14655.0,1.66,1.16,2.07,269.39,-7942.5,-14655.0,CREATIVE,
359,2026-04-03 20:18:02,straddle_all_days_5,15:55:00,both_sides,10.0,12.0,single,none,15,124,98.4,16980.0,-14655.0,1.66,1.16,2.07,269.39,-7942.5,-14655.0,CREATIVE,
360,2026-04-03 20:18:08,straddle_all_days_6,15:55:00,both_sides,10.0,12.0,single,none,15,130,98.5,17250.0,-14655.0,1.64,1.18,2.09,258.87,-7942.5,-14655.0,CREATIVE,
361,2026-04-03 20:18:13,straddle_all_days_7,15:55:00,both_sides,10.0,12.0,single,none,15,147,98.6,18240.0,-14655.0,1.63,1.24,2.15,235.34,-7942.5,-14655.0,CREATIVE,
362,2026-04-03 20:18:18,straddle_all_days_8,15:55:00,both_sides,10.0,12.0,single,none,15,177,98.9,20190.0,-14655.0,1.68,1.38,2.27,206.14,-7942.5,-14655.0,CREATIVE,
363,2026-04-03 20:18:24,straddle_all_days_10,15:55:00,both_sides,10.0,12.0,single,none,15,224,99.1,26880.0,-14655.0,2.03,1.83,2.69,192.64,-7942.5,-14655.0,CREATIVE,
364,2026-04-03 20:18:29,straddle_all_days_15,15:55:00,both_sides,10.0,12.0,single,none,15,273,98.5,40770.0,-14655.0,2.8,2.78,3.39,215.07,-4271.25,-14655.0,CREATIVE,
365,2026-04-03 20:18:34,straddle_all_days_999,15:55:00,both_sides,10.0,12.0,single,none,15,277,98.6,42675.0,-14655.0,2.91,2.91,3.5,218.9,-4271.25,-14655.0,CREATIVE,
366,2026-04-03 20:18:40,straddle_sole_3,15:55:00,both_sides,10.0,12.0,single,none,15,158,97.5,29145.0,-14655.0,2.42,1.99,2.42,322.11,-5115.0,-14655.0,CREATIVE,
367,2026-04-03 20:18:46,straddle_sole_4,15:55:00,both_sides,10.0,12.0,single,none,15,158,97.5,29145.0,-14655.0,2.42,1.99,2.42,322.11,-5115.0,-14655.0,CREATIVE,
368,2026-04-03 20:18:52,straddle_sole_5,15:55:00,both_sides,10.0,12.0,single,none,15,158,97.5,29145.0,-14655.0,2.42,1.99,2.42,322.11,-5115.0,-14655.0,CREATIVE,
369,2026-04-03 20:18:58,straddle_sole_6,15:55:00,both_sides,10.0,12.0,single,none,15,165,97.6,29610.0,-14655.0,2.4,2.02,2.45,310.99,-5115.0,-14655.0,CREATIVE,
370,2026-04-03 20:19:05,straddle_sole_7,15:55:00,both_sides,10.0,12.0,single,none,15,185,97.8,30810.0,-14655.0,2.36,2.1,2.51,283.26,-5115.0,-14655.0,CREATIVE,
371,2026-04-03 20:19:11,straddle_sole_8,15:55:00,both_sides,10.0,12.0,single,none,15,220,98.2,32985.0,-14655.0,2.35,2.25,2.61,247.43,-5115.0,-14655.0,CREATIVE,
372,2026-04-03 20:19:16,straddle_skipwed_4,15:55:00,both_sides,10.0,12.0,single,none,15,122,97.5,31050.0,-3375.0,8.38,9.2,6.35,309.71,-1935.0,-3375.0,CREATIVE,
373,2026-04-03 20:19:20,straddle_skipwed_5,15:55:00,both_sides,10.0,12.0,single,none,15,122,97.5,31050.0,-3375.0,8.38,9.2,6.35,309.71,-1935.0,-3375.0,CREATIVE,
374,2026-04-03 20:19:25,straddle_skipwed_6,15:55:00,both_sides,10.0,12.0,single,none,15,128,97.7,31470.0,-3375.0,8.24,9.32,6.42,298.2,-1935.0,-3375.0,CREATIVE,
375,2026-04-03 20:19:30,straddle_skipwed_7,15:55:00,both_sides,10.0,12.0,single,none,15,142,97.9,32325.0,-3375.0,8.05,9.58,6.57,274.32,-1935.0,-3375.0,CREATIVE,
376,2026-04-03 20:19:35,straddle_skipwed_8,15:55:00,both_sides,10.0,12.0,single,none,15,167,98.2,33900.0,-3375.0,7.81,10.04,6.84,242.1,-1935.0,-3375.0,CREATIVE,
380,2026-04-03 20:20:09,s4_prior,15:55:00,both_sides,10.0,12.0,single,none,15,124,98.4,16980.0,-14655.0,1.66,1.16,2.07,269.39,-7942.5,-14655.0,CREATIVE,
381,2026-04-03 20:20:15,s5_prior,15:55:00,both_sides,10.0,12.0,single,none,15,124,98.4,16980.0,-14655.0,1.66,1.16,2.07,269.39,-7942.5,-14655.0,CREATIVE,
382,2026-04-03 20:20:20,s6_prior,15:55:00,both_sides,10.0,12.0,single,none,15,130,98.5,17250.0,-14655.0,1.64,1.18,2.09,258.87,-7942.5,-14655.0,CREATIVE,
383,2026-04-03 20:20:25,s7_prior,15:55:00,both_sides,10.0,12.0,single,none,15,147,98.6,18240.0,-14655.0,1.63,1.24,2.15,235.34,-7942.5,-14655.0,CREATIVE,
384,2026-04-03 20:20:31,s8_prior,15:55:00,both_sides,10.0,12.0,single,none,15,177,98.9,20190.0,-14655.0,1.68,1.38,2.27,206.14,-7942.5,-14655.0,CREATIVE,
385,2026-04-03 20:20:36,s10_prior,15:55:00,both_sides,10.0,12.0,single,none,15,224,99.1,26880.0,-14655.0,2.03,1.83,2.69,192.64,-7942.5,-14655.0,CREATIVE,
386,2026-04-03 20:20:42,s4_sole,15:55:00,both_sides,10.0,12.0,single,none,15,158,97.5,29145.0,-14655.0,2.42,1.99,2.42,322.11,-5115.0,-14655.0,CREATIVE,
387,2026-04-03 20:20:48,s5_sole,15:55:00,both_sides,10.0,12.0,single,none,15,158,97.5,29145.0,-14655.0,2.42,1.99,2.42,322.11,-5115.0,-14655.0,CREATIVE,
388,2026-04-03 20:20:54,s6_sole,15:55:00,both_sides,10.0,12.0,single,none,15,165,97.6,29610.0,-14655.0,2.4,2.02,2.45,310.99,-5115.0,-14655.0,CREATIVE,
389,2026-04-03 20:21:01,s7_sole,15:55:00,both_sides,10.0,12.0,single,none,15,185,97.8,30810.0,-14655.0,2.36,2.1,2.51,283.26,-5115.0,-14655.0,CREATIVE,
390,2026-04-03 20:21:07,s8_sole,15:55:00,both_sides,10.0,12.0,single,none,15,220,98.2,32985.0,-14655.0,2.35,2.25,2.61,247.43,-5115.0,-14655.0,CREATIVE,
391,2026-04-03 20:21:12,s5_skipwed,15:55:00,both_sides,10.0,12.0,single,none,15,122,97.5,31050.0,-3375.0,8.38,9.2,6.35,309.71,-1935.0,-3375.0,CREATIVE,
392,2026-04-03 20:21:17,s6_skipwed,15:55:00,both_sides,10.0,12.0,single,none,15,128,97.7,31470.0,-3375.0,8.24,9.32,6.42,298.2,-1935.0,-3375.0,CREATIVE,
393,2026-04-03 20:21:22,s7_skipwed,15:55:00,both_sides,10.0,12.0,single,none,15,142,97.9,32325.0,-3375.0,8.05,9.58,6.57,274.32,-1935.0,-3375.0,CREATIVE,
394,2026-04-03 20:21:27,wf_s5_prior_full,15:55:00,both_sides,10.0,12.0,single,none,15,124,98.4,16980.0,-14655.0,1.66,1.16,2.07,269.39,-7942.5,-14655.0,WF_Full,
395,2026-04-03 20:21:31,wf_s5_prior_is,15:55:00,both_sides,10.0,12.0,single,none,15,53,98.1,-3840.0,-14655.0,-0.59,-0.26,0.74,207.98,-14655.0,-14655.0,WF_IS,
396,2026-04-03 20:21:33,wf_s5_prior_oos,15:55:00,both_sides,10.0,12.0,single,none,15,71,98.6,20820.0,-1230.0,11.91,16.93,17.93,315.0,-1230.0,-1230.0,WF_OOS,
397,2026-04-03 20:21:39,wf_s5_sole_full,15:55:00,both_sides,10.0,12.0,single,none,15,158,97.5,29145.0,-14655.0,2.42,1.99,2.42,322.11,-5115.0,-14655.0,WF_Full,
398,2026-04-03 20:21:43,wf_s5_sole_is,15:55:00,both_sides,10.0,12.0,single,none,15,63,96.8,-2010.0,-14655.0,-0.29,-0.14,0.87,226.97,-7927.5,-14655.0,WF_IS,
399,2026-04-03 20:21:45,wf_s5_sole_oos,15:55:00,both_sides,10.0,12.0,single,none,15,95,97.9,31155.0,-3375.0,9.79,9.23,7.77,384.52,-2302.5,-3375.0,WF_OOS,
400,2026-04-03 20:22:42,straddle_on_zerodb_4,15:55:00,both_sides,10.0,12.0,single,none,15,68,100.0,15960.0,0.0,12.57,0,inf,234.71,0,45.0,CREATIVE,
401,2026-04-03 20:22:45,straddle_on_zerodb_5,15:55:00,both_sides,10.0,12.0,single,none,15,68,100.0,15960.0,0.0,12.57,0,inf,234.71,0,45.0,CREATIVE,
402,2026-04-03 20:22:48,straddle_on_zerodb_6,15:55:00,both_sides,10.0,12.0,single,none,15,71,100.0,16095.0,0.0,12.26,0,inf,226.69,0,45.0,CREATIVE,
403,2026-04-03 20:22:51,straddle_on_zerodb_7,15:55:00,both_sides,10.0,12.0,single,none,15,76,100.0,16320.0,0.0,11.8,0,inf,214.74,0,45.0,CREATIVE,
404,2026-04-03 20:22:54,straddle_on_zerodb_8,15:55:00,both_sides,10.0,12.0,single,none,15,96,100.0,17670.0,0.0,11.42,0,inf,184.06,0,45.0,CREATIVE,
405,2026-04-03 20:22:57,straddle_on_zerodb_10,15:55:00,both_sides,10.0,12.0,single,none,15,119,100.0,21105.0,0.0,12.17,0,inf,177.35,0,45.0,CREATIVE,
406,2026-04-03 20:23:00,straddle_on_zerodb_999,15:55:00,both_sides,10.0,12.0,single,none,15,149,100.0,31305.0,0.0,12.75,0,inf,210.1,0,45.0,CREATIVE,
407,2026-04-03 20:33:09,vix_otm_prior_Low VIX tighter,11:00:00,always_put,10.0,10.0,single,none,1,132,99.2,20475.0,-3120.0,6.98,6.56,7.56,180.11,-3120.0,-3120.0,CREATIVE,
408,2026-04-03 20:33:13,vix_otm_prior_Low VIX much tighter,11:00:00,always_put,10.0,10.0,single,none,1,179,97.2,16245.0,-10080.0,2.05,1.61,1.85,203.62,-3837.0,-6420.0,CREATIVE,
409,2026-04-03 20:33:16,vix_otm_prior_High VIX wider,11:00:00,always_put,10.0,10.0,single,none,1,90,100.0,15375.0,0.0,11.1,0,inf,170.83,0,45.0,CREATIVE,
410,2026-04-03 20:33:19,vix_otm_prior_3-tier conservative,11:00:00,always_put,10.0,10.0,single,none,1,148,98.6,20115.0,-5760.0,4.7,3.49,3.78,187.29,-3615.0,-4110.0,CREATIVE,
411,2026-04-03 20:33:22,vix_otm_prior_3-tier aggressive,11:00:00,always_put,10.0,10.0,single,none,1,148,97.3,9180.0,-10500.0,1.45,0.87,1.61,168.44,-3768.75,-6420.0,CREATIVE,
412,2026-04-03 20:33:25,vix_otm_prior_2-tier simple,11:00:00,always_put,10.0,10.0,single,none,1,139,98.6,21135.0,-5640.0,4.84,3.75,3.92,207.04,-3615.0,-4110.0,CREATIVE,
413,2026-04-03 20:33:28,vix_otm_prior_2-tier at 25,11:00:00,always_put,10.0,10.0,single,none,1,168,98.2,27225.0,-5640.0,5.04,4.83,3.75,225.0,-3300.0,-4110.0,CREATIVE,
414,2026-04-03 20:33:31,vix_otm_intra_Low VIX tighter,11:00:00,always_put,10.0,10.0,single,none,1,132,100.0,22965.0,0.0,12.61,0,inf,173.98,0,45.0,CREATIVE,
415,2026-04-03 20:33:35,vix_otm_intra_2-tier at 20,11:00:00,always_put,10.0,10.0,single,none,1,138,98.6,18165.0,-5640.0,4.29,3.22,3.51,186.73,-3615.0,-4110.0,CREATIVE,
416,2026-04-03 20:33:38,vix_otm_intra_2-tier at 18,11:00:00,always_put,10.0,10.0,single,none,1,174,99.4,31125.0,-4110.0,7.57,7.57,8.57,203.67,-4110.0,-4110.0,CREATIVE,
417,2026-04-03 20:33:42,vix_otm_intra_3-tier,11:00:00,always_put,10.0,10.0,single,none,1,142,98.6,17865.0,-4470.0,5.02,4.0,4.23,167.14,-2767.5,-3480.0,CREATIVE,
418,2026-04-03 20:33:45,vix_otm_intra_3-tier v2,11:00:00,always_put,10.0,10.0,single,none,1,147,99.3,21060.0,-4110.0,6.04,5.12,6.12,172.4,-4110.0,-4110.0,CREATIVE,
419,2026-04-03 20:44:05,minute_15:45,15:45:00,both_sides,10.0,12.0,single,none,15,495,94.3,19035.0,-26025.0,0.38,0.73,1.1,452.28,-6863.57,-14280.0,SWEEP,
420,2026-04-03 20:44:08,minute_15:46,15:46:00,both_sides,10.0,12.0,single,none,15,461,95.2,45420.0,-21555.0,1.02,2.11,1.3,446.48,-6844.77,-14055.0,SWEEP,
421,2026-04-03 20:44:11,minute_15:47,15:47:00,both_sides,10.0,12.0,single,none,15,442,96.2,49590.0,-20850.0,1.15,2.38,1.37,432.71,-7900.59,-14430.0,SWEEP,
422,2026-04-03 20:44:15,minute_15:48,15:48:00,both_sides,10.0,12.0,single,none,15,412,94.4,11130.0,-24660.0,0.27,0.45,1.08,403.07,-6333.26,-14805.0,SWEEP,
423,2026-04-03 20:44:18,minute_15:49,15:49:00,both_sides,10.0,12.0,single,none,15,390,95.4,25770.0,-27270.0,0.67,0.94,1.21,406.49,-6969.17,-14655.0,SWEEP,
424,2026-04-03 20:44:21,minute_15:50,15:50:00,both_sides,10.0,12.0,single,none,15,377,94.7,-9390.0,-33915.0,-0.24,-0.28,0.94,378.61,-7227.75,-14505.0,SWEEP,
425,2026-04-03 20:44:24,minute_15:51,15:51:00,both_sides,10.0,12.0,single,none,15,299,96.7,28515.0,-26640.0,1.08,1.07,1.42,334.36,-6811.5,-14355.0,SWEEP,
426,2026-04-03 20:44:27,minute_15:52,15:52:00,both_sides,10.0,12.0,single,none,15,244,96.7,24600.0,-17805.0,1.3,1.38,1.52,304.0,-5893.12,-13920.0,SWEEP,
427,2026-04-03 20:44:30,minute_15:53,15:53:00,both_sides,10.0,12.0,single,none,15,208,96.2,16815.0,-15870.0,1.31,1.06,1.47,264.75,-4516.88,-11835.0,SWEEP,
428,2026-04-03 20:44:33,minute_15:54,15:54:00,both_sides,10.0,12.0,single,none,15,176,96.6,17490.0,-6735.0,2.19,2.6,1.76,237.79,-3822.5,-6495.0,SWEEP,
429,2026-04-03 20:44:37,minute_15:55,15:55:00,both_sides,10.0,12.0,single,none,15,149,100.0,31305.0,0.0,12.75,0,inf,210.1,0,45.0,SWEEP,
430,2026-04-03 20:44:40,minute_15:56,15:56:00,both_sides,10.0,12.0,single,none,15,81,100.0,18195.0,0.0,11.96,0,inf,224.63,0,45.0,SWEEP,
431,2026-04-03 20:44:43,minute_15:57,15:57:00,both_sides,10.0,12.0,single,none,15,49,100.0,8580.0,0.0,12.42,0,inf,175.1,0,45.0,SWEEP,
432,2026-04-03 20:44:46,minute_15:58,15:58:00,both_sides,10.0,12.0,single,none,15,17,100.0,3390.0,0.0,14.2,0,inf,199.41,0,45.0,SWEEP,
433,2026-04-03 20:44:49,minute_15:59,15:59:00,both_sides,10.0,12.0,single,none,15,9,100.0,1380.0,0.0,11.64,0,inf,153.33,0,45.0,SWEEP,
434,2026-04-03 20:49:35,bar1550_range_2,15:55:00,both_sides,10.0,12.0,single,none,15,5,100.0,300.0,0.0,19.84,0,inf,60.0,0,45.0,CREATIVE,
435,2026-04-03 20:49:35,bar1550_range_3,15:55:00,both_sides,10.0,12.0,single,none,15,15,100.0,900.0,0.0,21.52,0,inf,60.0,0,45.0,CREATIVE,
436,2026-04-03 20:49:35,bar1550_range_4,15:55:00,both_sides,10.0,12.0,single,none,15,30,100.0,2025.0,0.0,21.25,0,inf,67.5,0,45.0,CREATIVE,
437,2026-04-03 20:49:35,bar1550_range_5,15:55:00,both_sides,10.0,12.0,single,none,15,47,100.0,4065.0,0.0,15.51,0,inf,86.49,0,45.0,CREATIVE,
438,2026-04-03 20:49:35,bar1550_range_6,15:55:00,both_sides,10.0,12.0,single,none,15,72,100.0,9615.0,0.0,8.59,0,inf,133.54,0,45.0,CREATIVE,
439,2026-04-03 20:49:35,bar1550_range_8,15:55:00,both_sides,10.0,12.0,single,none,15,115,100.0,18750.0,0.0,11.04,0,inf,163.04,0,45.0,CREATIVE,
440,2026-04-03 20:49:35,bar1550_range_10,15:55:00,both_sides,10.0,12.0,single,none,15,137,100.0,26940.0,0.0,12.65,0,inf,196.64,0,45.0,CREATIVE,
441,2026-04-03 20:49:35,bar1550_range_999,15:55:00,both_sides,10.0,12.0,single,none,15,149,100.0,31305.0,0.0,12.75,0,inf,210.1,0,45.0,CREATIVE,
442,2026-04-03 20:49:41,bar1550_alldays_2,15:55:00,both_sides,10.0,12.0,single,none,15,7,100.0,390.0,0.0,21.06,0,inf,55.71,0,45.0,CREATIVE,
443,2026-04-03 20:49:41,bar1550_alldays_3,15:55:00,both_sides,10.0,12.0,single,none,15,25,100.0,1725.0,0.0,19.27,0,inf,69.0,0,45.0,CREATIVE,
444,2026-04-03 20:49:41,bar1550_alldays_4,15:55:00,both_sides,10.0,12.0,single,none,15,54,100.0,3705.0,0.0,20.54,0,inf,68.61,0,45.0,CREATIVE,
445,2026-04-03 20:49:41,bar1550_alldays_5,15:55:00,both_sides,10.0,12.0,single,none,15,100,99.0,12030.0,-75.0,11.13,160.4,161.4,122.27,-75.0,-75.0,CREATIVE,
446,2026-04-03 20:49:41,bar1550_alldays_6,15:55:00,both_sides,10.0,12.0,single,none,15,141,99.3,20550.0,-75.0,10.29,274.0,275.0,147.32,-75.0,-75.0,CREATIVE,
447,2026-04-03 20:49:41,bar1550_alldays_8,15:55:00,both_sides,10.0,12.0,single,none,15,208,99.0,32895.0,-1125.0,10.99,29.24,28.41,165.51,-600.0,-1125.0,CREATIVE,
448,2026-04-03 20:49:41,bar1550_alldays_10,15:55:00,both_sides,10.0,12.0,single,none,15,249,98.8,31140.0,-14655.0,2.28,2.12,2.96,191.04,-5285.0,-14655.0,CREATIVE,
449,2026-04-03 20:49:41,bar1550_alldays_999,15:55:00,both_sides,10.0,12.0,single,none,15,277,98.6,42675.0,-14655.0,2.91,2.91,3.5,218.9,-4271.25,-14655.0,CREATIVE,
450,2026-04-03 20:50:29,wf_bar1550_4_full,15:55:00,both_sides,10.0,12.0,single,none,15,54,100.0,3705.0,0.0,20.54,0,inf,68.61,0,45.0,WF_Full,
451,2026-04-03 20:50:33,wf_bar1550_4_is,15:55:00,both_sides,10.0,12.0,single,none,15,42,100.0,2715.0,0.0,19.42,0,inf,64.64,0,45.0,WF_IS,
452,2026-04-03 20:50:35,wf_bar1550_4_oos,15:55:00,both_sides,10.0,12.0,single,none,15,12,100.0,990.0,0.0,23.81,0,inf,82.5,0,45.0,WF_OOS,
453,2026-04-03 20:50:40,wf_bar1550_3_full,15:55:00,both_sides,10.0,12.0,single,none,15,25,100.0,1725.0,0.0,19.27,0,inf,69.0,0,45.0,WF_Full,
454,2026-04-03 20:50:44,wf_bar1550_3_is,15:55:00,both_sides,10.0,12.0,single,none,15,23,100.0,1560.0,0.0,18.56,0,inf,67.83,0,45.0,WF_IS,
455,2026-04-03 20:50:46,wf_bar1550_3_oos,15:55:00,both_sides,10.0,12.0,single,none,15,2,100.0,165.0,0.0,24.69,0,inf,82.5,0,45.0,WF_OOS,
456,2026-04-03 20:50:51,wf_bar1550_5_full,15:55:00,both_sides,10.0,12.0,single,none,15,100,99.0,12030.0,-75.0,11.13,160.4,161.4,122.27,-75.0,-75.0,WF_Full,
457,2026-04-03 20:50:55,wf_bar1550_5_is,15:55:00,both_sides,10.0,12.0,single,none,15,71,98.6,7125.0,-75.0,9.32,95.0,96.0,102.86,-75.0,-75.0,WF_IS,
458,2026-04-03 20:50:57,wf_bar1550_5_oos,15:55:00,both_sides,10.0,12.0,single,none,15,29,100.0,4905.0,0.0,15.88,0,inf,169.14,0,45.0,WF_OOS,
459,2026-04-03 20:51:01,mega_bar4_skipwed_full,15:55:00,both_sides,10.0,12.0,single,none,15,42,100.0,2715.0,0.0,20.49,0,inf,64.64,0,45.0,WF_Full,
460,2026-04-03 20:51:04,mega_bar4_skipwed_is,15:55:00,both_sides,10.0,12.0,single,none,15,33,100.0,2085.0,0.0,19.59,0,inf,63.18,0,45.0,WF_IS,
461,2026-04-03 20:51:06,mega_bar4_skipwed_oos,15:55:00,both_sides,10.0,12.0,single,none,15,9,100.0,630.0,0.0,22.8,0,inf,70.0,0,45.0,WF_OOS,
462,2026-04-03 20:51:10,skipwed_bar5_full,15:55:00,both_sides,10.0,12.0,single,none,15,74,100.0,8805.0,0.0,10.13,0,inf,118.99,0,45.0,WF_Full,
463,2026-04-03 20:51:13,skipwed_bar5_is,15:55:00,both_sides,10.0,12.0,single,none,15,53,100.0,5235.0,0.0,8.38,0,inf,98.77,0,45.0,WF_IS,
464,2026-04-03 20:51:14,skipwed_bar5_oos,15:55:00,both_sides,10.0,12.0,single,none,15,21,100.0,3570.0,0.0,14.85,0,inf,170.0,0,45.0,WF_OOS,
465,2026-04-03 20:51:54,early_bar4_15:51,11:00:00,both_sides,10.0,12.0,single,none,15,99,100.0,14655.0,0.0,16.4,0,inf,148.03,0,45.0,CREATIVE,
466,2026-04-03 20:51:57,early_bar4_15:52,11:00:00,both_sides,10.0,12.0,single,none,15,77,98.7,1125.0,-10095.0,0.23,0.11,1.11,147.63,-10095.0,-10095.0,CREATIVE,
467,2026-04-03 20:52:00,early_bar4_15:53,11:00:00,both_sides,10.0,12.0,single,none,15,54,98.1,3165.0,-2670.0,2.58,1.19,2.19,110.09,-2670.0,-2670.0,CREATIVE,
468,2026-04-03 20:52:04,early_bar4_15:54,11:00:00,both_sides,10.0,12.0,single,none,15,40,100.0,4200.0,0.0,16.65,0,inf,105.0,0,45.0,CREATIVE,
469,2026-04-03 20:52:07,early_bar4_15:55,11:00:00,both_sides,10.0,12.0,single,none,15,30,100.0,2025.0,0.0,21.25,0,inf,67.5,0,45.0,CREATIVE,
470,2026-04-03 20:52:10,early_bar4_15:56,11:00:00,both_sides,10.0,12.0,single,none,15,7,100.0,315.0,0.0,0,0,inf,45.0,0,45.0,CREATIVE,
471,2026-04-03 20:52:13,early_bar4_15:57,11:00:00,both_sides,10.0,12.0,single,none,15,6,100.0,495.0,0.0,21.04,0,inf,82.5,0,45.0,CREATIVE,
472,2026-04-03 20:52:16,early_bar4_15:58,11:00:00,both_sides,10.0,12.0,single,none,15,0,0,0,0,0,0,0,0,0,0,CREATIVE,
473,2026-04-03 20:52:19,early_bar4_15:59,11:00:00,both_sides,10.0,12.0,single,none,15,0,0,0,0,0,0,0,0,0,0,CREATIVE,
474,2026-04-03 20:52:23,early_bar5_15:51,11:00:00,both_sides,10.0,12.0,single,none,15,143,100.0,23910.0,0.0,16.23,0,inf,167.2,0,45.0,CREATIVE,
475,2026-04-03 20:52:26,early_bar5_15:52,11:00:00,both_sides,10.0,12.0,single,none,15,108,99.1,7095.0,-10095.0,1.21,0.7,1.7,160.65,-10095.0,-10095.0,CREATIVE,
476,2026-04-03 20:52:29,early_bar5_15:53,11:00:00,both_sides,10.0,12.0,single,none,15,81,97.5,3465.0,-3120.0,1.54,1.11,1.6,117.15,-2895.0,-3120.0,CREATIVE,
477,2026-04-03 20:52:33,early_bar5_15:54,11:00:00,both_sides,10.0,12.0,single,none,15,61,98.4,3105.0,-3345.0,1.9,0.93,1.93,107.5,-3345.0,-3345.0,CREATIVE,
478,2026-04-03 20:52:36,early_bar5_15:55,11:00:00,both_sides,10.0,12.0,single,none,15,47,100.0,4065.0,0.0,15.51,0,inf,86.49,0,45.0,CREATIVE,
479,2026-04-03 20:52:39,early_bar5_15:56,11:00:00,both_sides,10.0,12.0,single,none,15,13,100.0,660.0,0.0,36.06,0,inf,50.77,0,45.0,CREATIVE,
480,2026-04-03 20:52:43,early_bar5_15:57,11:00:00,both_sides,10.0,12.0,single,none,15,7,100.0,540.0,0.0,20.31,0,inf,77.14,0,45.0,CREATIVE,
481,2026-04-03 20:52:46,early_bar5_15:58,11:00:00,both_sides,10.0,12.0,single,none,15,0,0,0,0,0,0,0,0,0,0,CREATIVE,
482,2026-04-03 20:52:49,early_bar5_15:59,11:00:00,both_sides,10.0,12.0,single,none,15,0,0,0,0,0,0,0,0,0,0,CREATIVE,
483,2026-04-03 20:52:52,early_bar6_15:52,11:00:00,both_sides,10.0,12.0,single,none,15,146,97.3,0.0,-17805.0,0.0,0.0,1.0,203.98,-7241.25,-13920.0,CREATIVE,
484,2026-04-03 20:52:56,early_bar6_15:53,11:00:00,both_sides,10.0,12.0,single,none,15,114,97.4,11535.0,-3120.0,3.31,3.7,2.4,178.11,-2745.0,-3120.0,CREATIVE,
485,2026-04-03 20:54:12,dual_5155_full,11:00:00,both_sides,10.0,12.0,single,none,15,292,100.0,29448.0,0.0,14.1,0,inf,100.85,0,24.0,CREATIVE,
486,2026-04-03 20:54:25,mega_v3_full,11:00:00,both_sides,10.0,12.0,single,none,15,264,100.0,59280.0,0.0,13.44,0,inf,224.55,0,45.0,CREATIVE,
484,2026-04-03 20:57:18,fri_early_15:50,11:00:00,both_sides,10.0,10.0,single,none,15,208,92.8,-32745.0,-38040.0,-1.22,-0.86,0.73,451.87,-7997.0,-14130.0,CREATIVE,
485,2026-04-03 20:57:20,fri_early_15:51,11:00:00,both_sides,10.0,10.0,single,none,15,175,94.9,11070.0,-29070.0,0.61,0.38,1.19,413.67,-6400.0,-14355.0,CREATIVE,
486,2026-04-03 20:57:21,fri_early_15:52,11:00:00,both_sides,10.0,10.0,single,none,15,153,92.8,4335.0,-24405.0,0.28,0.18,1.09,384.08,-4564.09,-14505.0,CREATIVE,
487,2026-04-03 20:57:22,fri_early_15:53,11:00:00,both_sides,10.0,10.0,single,none,15,133,93.2,2625.0,-16665.0,0.26,0.16,1.07,325.65,-4195.0,-9705.0,CREATIVE,
488,2026-04-03 20:57:23,fri_early_15:54,11:00:00,both_sides,10.0,10.0,single,none,15,117,96.6,20700.0,-4920.0,4.47,4.21,2.61,297.21,-3221.25,-4920.0,CREATIVE,
489,2026-04-03 20:57:25,fri_early_15:55,11:00:00,both_sides,10.0,10.0,single,none,15,100,100.0,26625.0,0.0,13.93,0,inf,266.25,0,45.0,CREATIVE,
490,2026-04-03 20:57:26,fri_early_15:56,11:00:00,both_sides,10.0,10.0,single,none,15,66,97.0,10875.0,-2505.0,6.06,4.34,3.57,236.02,-2115.0,-2505.0,CREATIVE,
491,2026-04-03 20:57:27,fri_early_15:57,11:00:00,both_sides,10.0,10.0,single,none,15,47,100.0,8640.0,0.0,14.47,0,inf,183.83,0,45.0,CREATIVE,
492,2026-04-03 20:57:35,mega_v4,11:00:00,both_sides,10.0,10.0,single,none,15,327,99.7,73365.0,-3030.0,11.48,24.21,25.21,234.34,-3030.0,-3030.0,FINAL,
493,2026-04-03 21:21:35,heatmap_15:51_d5,15:51:00,both_sides,10.0,5,single,none,15,763,90.0,27090.0,-41820.0,0.31,0.65,1.07,613.03,-5185.07,-14085.0,SWEEP,
494,2026-04-03 21:21:38,heatmap_15:51_d6,15:51:00,both_sides,10.0,6,single,none,15,703,91.0,19980.0,-44025.0,0.27,0.45,1.06,535.1,-5118.81,-14730.0,SWEEP,
495,2026-04-03 21:21:42,heatmap_15:51_d7,15:51:00,both_sides,10.0,7,single,none,15,629,92.5,42960.0,-37950.0,0.72,1.13,1.18,475.62,-4975.53,-14730.0,SWEEP,
496,2026-04-03 21:21:45,heatmap_15:51_d8,15:51:00,both_sides,10.0,8,single,none,15,565,93.1,17535.0,-47640.0,0.33,0.37,1.09,408.17,-5055.38,-14730.0,SWEEP,
497,2026-04-03 21:21:48,heatmap_15:51_d9,15:51:00,both_sides,10.0,9,single,none,15,498,94.2,16170.0,-40350.0,0.35,0.4,1.1,375.38,-5513.28,-14730.0,SWEEP,
498,2026-04-03 21:21:51,heatmap_15:51_d10,15:51:00,both_sides,10.0,10,single,none,15,422,95.0,12015.0,-38565.0,0.29,0.31,1.09,358.65,-6276.43,-14730.0,SWEEP,
499,2026-04-03 21:21:55,heatmap_15:51_d11,15:51:00,both_sides,10.0,11,single,none,15,354,96.0,15135.0,-36450.0,0.43,0.42,1.15,346.76,-7340.36,-14355.0,SWEEP,
500,2026-04-03 21:21:58,heatmap_15:51_d12,15:51:00,both_sides,10.0,12,single,none,15,301,96.7,28830.0,-26640.0,1.09,1.08,1.42,333.14,-6811.5,-14355.0,SWEEP,
501,2026-04-03 21:22:01,heatmap_15:51_d13,15:51:00,both_sides,10.0,13,single,none,15,252,97.6,32430.0,-17910.0,1.87,1.81,1.84,287.99,-6402.5,-13995.0,SWEEP,
502,2026-04-03 21:22:04,heatmap_15:51_d14,15:51:00,both_sides,10.0,14,single,none,15,212,97.2,17955.0,-17910.0,1.16,1.0,1.47,273.64,-6402.5,-13995.0,SWEEP,
503,2026-04-03 21:22:07,heatmap_15:51_d15,15:51:00,both_sides,10.0,15,single,none,15,178,97.2,10395.0,-17955.0,0.75,0.58,1.29,269.13,-7233.0,-13995.0,SWEEP,
504,2026-04-03 21:22:10,heatmap_15:52_d5,15:52:00,both_sides,10.0,5,single,none,15,732,89.8,-18660.0,-59370.0,-0.22,-0.31,0.95,571.71,-5257.0,-14355.0,SWEEP,
505,2026-04-03 21:22:13,heatmap_15:52_d6,15:52:00,both_sides,10.0,6,single,none,15,659,91.7,-10320.0,-53415.0,-0.15,-0.19,0.97,472.8,-5379.82,-14505.0,SWEEP,
506,2026-04-03 21:22:17,heatmap_15:52_d7,15:52:00,both_sides,10.0,7,single,none,15,585,92.0,3345.0,-41610.0,0.06,0.08,1.01,429.37,-4843.72,-14505.0,SWEEP,
507,2026-04-03 21:22:20,heatmap_15:52_d8,15:52:00,both_sides,10.0,8,single,none,15,517,93.2,6870.0,-40995.0,0.14,0.17,1.04,372.88,-4938.86,-14505.0,SWEEP,
508,2026-04-03 21:22:23,heatmap_15:52_d9,15:52:00,both_sides,10.0,9,single,none,15,451,93.8,9450.0,-38340.0,0.24,0.25,1.07,347.16,-4907.14,-14505.0,SWEEP,
509,2026-04-03 21:22:26,heatmap_15:52_d10,15:52:00,both_sides,10.0,10,single,none,15,364,94.5,9630.0,-38220.0,0.27,0.25,1.09,333.44,-5253.75,-14505.0,SWEEP,
510,2026-04-03 21:22:30,heatmap_15:52_d11,15:52:00,both_sides,10.0,11,single,none,15,291,95.2,17265.0,-24855.0,0.69,0.69,1.25,313.32,-4966.07,-13920.0,SWEEP,
511,2026-04-03 21:22:33,heatmap_15:52_d12,15:52:00,both_sides,10.0,12,single,none,15,245,96.7,24645.0,-17805.0,1.31,1.38,1.52,302.91,-5893.12,-13920.0,SWEEP,
512,2026-04-03 21:22:36,heatmap_15:52_d13,15:52:00,both_sides,10.0,13,single,none,15,214,97.7,29865.0,-13245.0,2.87,2.25,2.3,252.42,-4578.0,-9705.0,SWEEP,
513,2026-04-03 21:22:39,heatmap_15:52_d14,15:52:00,both_sides,10.0,14,single,none,15,179,97.8,29580.0,-6420.0,4.35,4.61,2.95,255.86,-3798.75,-4485.0,SWEEP,
514,2026-04-03 21:22:43,heatmap_15:52_d15,15:52:00,both_sides,10.0,15,single,none,15,155,97.4,20325.0,-6585.0,3.3,3.09,2.34,235.23,-3798.75,-4485.0,SWEEP,
515,2026-04-03 21:22:46,heatmap_15:53_d5,15:53:00,both_sides,10.0,5,single,none,15,692,89.7,-14190.0,-39645.0,-0.19,-0.36,0.96,517.32,-4724.58,-14280.0,SWEEP,
516,2026-04-03 21:22:49,heatmap_15:53_d6,15:53:00,both_sides,10.0,6,single,none,15,602,90.7,-1935.0,-56205.0,-0.03,-0.03,0.99,451.57,-4437.32,-14205.0,SWEEP,
517,2026-04-03 21:22:52,heatmap_15:53_d7,15:53:00,both_sides,10.0,7,single,none,15,520,91.5,-16530.0,-55080.0,-0.33,-0.3,0.92,387.38,-4566.48,-14205.0,SWEEP,
518,2026-04-03 21:22:55,heatmap_15:53_d8,15:53:00,both_sides,10.0,8,single,none,15,456,92.5,-11235.0,-40605.0,-0.27,-0.28,0.93,343.44,-4593.09,-14130.0,SWEEP,
519,2026-04-03 21:22:59,heatmap_15:53_d9,15:53:00,both_sides,10.0,9,single,none,15,383,93.7,5130.0,-26295.0,0.17,0.2,1.05,308.65,-4403.12,-13920.0,SWEEP,
520,2026-04-03 21:23:02,heatmap_15:53_d10,15:53:00,both_sides,10.0,10,single,none,15,312,93.9,1605.0,-22425.0,0.06,0.07,1.02,288.94,-4371.32,-13920.0,SWEEP,
521,2026-04-03 21:23:05,heatmap_15:53_d11,15:53:00,both_sides,10.0,11,single,none,15,255,95.3,16725.0,-14100.0,1.05,1.19,1.32,285.43,-4386.25,-11835.0,SWEEP,
522,2026-04-03 21:23:08,heatmap_15:53_d12,15:53:00,both_sides,10.0,12,single,none,15,209,96.2,16935.0,-15870.0,1.31,1.07,1.47,264.03,-4516.88,-11835.0,SWEEP,
523,2026-04-03 21:23:11,heatmap_15:53_d13,15:53:00,both_sides,10.0,13,single,none,15,167,97.0,18000.0,-11835.0,1.8,1.52,1.76,256.57,-4713.0,-11835.0,SWEEP,
524,2026-04-03 21:23:15,heatmap_15:53_d14,15:53:00,both_sides,10.0,14,single,none,15,141,97.9,22440.0,-4485.0,4.91,5.0,3.26,234.67,-3315.0,-4485.0,SWEEP,
525,2026-04-03 21:23:18,heatmap_15:53_d15,15:53:00,both_sides,10.0,15,single,none,15,123,98.4,16380.0,-4485.0,4.33,3.65,3.2,196.86,-3720.0,-4485.0,SWEEP,
526,2026-04-03 21:23:21,heatmap_15:54_d5,15:54:00,both_sides,10.0,5,single,none,15,651,89.9,-41175.0,-67185.0,-0.61,-0.61,0.86,448.18,-4596.36,-14580.0,SWEEP,
527,2026-04-03 21:23:24,heatmap_15:54_d6,15:54:00,both_sides,10.0,6,single,none,15,567,92.1,-450.0,-51240.0,-0.01,-0.01,1.0,403.76,-4693.67,-14580.0,SWEEP,
528,2026-04-03 21:23:28,heatmap_15:54_d7,15:54:00,both_sides,10.0,7,single,none,15,462,91.8,-9600.0,-45405.0,-0.23,-0.21,0.94,371.82,-4401.32,-14205.0,SWEEP,
529,2026-04-03 21:23:31,heatmap_15:54_d8,15:54:00,both_sides,10.0,8,single,none,15,381,94.0,16830.0,-19290.0,0.56,0.87,1.16,332.22,-4439.35,-14205.0,SWEEP,
530,2026-04-03 21:23:35,heatmap_15:54_d9,15:54:00,both_sides,10.0,9,single,none,15,314,96.5,33735.0,-18900.0,1.62,1.78,1.61,294.26,-5038.64,-11460.0,SWEEP,
531,2026-04-03 21:23:38,heatmap_15:54_d10,15:54:00,both_sides,10.0,10,single,none,15,259,95.8,17985.0,-19545.0,1.02,0.92,1.37,269.09,-4431.82,-11460.0,SWEEP,
532,2026-04-03 21:23:41,heatmap_15:54_d11,15:54:00,both_sides,10.0,11,single,none,15,211,96.7,18525.0,-13110.0,1.46,1.41,1.53,262.28,-4997.14,-10470.0,SWEEP,
533,2026-04-03 21:23:44,heatmap_15:54_d12,15:54:00,both_sides,10.0,12,single,none,15,177,96.6,17535.0,-6735.0,2.2,2.6,1.76,236.67,-3822.5,-6495.0,SWEEP,
534,2026-04-03 21:23:48,heatmap_15:54_d13,15:54:00,both_sides,10.0,13,single,none,15,143,97.9,21615.0,-6780.0,4.57,3.19,3.11,227.68,-3420.0,-4410.0,SWEEP,
535,2026-04-03 21:23:51,heatmap_15:54_d14,15:54:00,both_sides,10.0,14,single,none,15,119,97.5,11760.0,-7005.0,2.94,1.68,2.15,189.83,-3420.0,-4410.0,SWEEP,
536,2026-04-03 21:23:54,heatmap_15:54_d15,15:54:00,both_sides,10.0,15,single,none,15,100,98.0,9030.0,-7125.0,2.62,1.27,2.16,171.28,-3877.5,-4410.0,SWEEP,
537,2026-04-03 21:23:57,heatmap_15:55_d5,15:55:00,both_sides,10.0,5,single,none,15,590,92.4,74760.0,-19170.0,1.78,3.9,1.49,414.91,-3363.67,-10710.0,SWEEP,
538,2026-04-03 21:24:01,heatmap_15:55_d6,15:55:00,both_sides,10.0,6,single,none,15,498,92.6,55620.0,-29550.0,1.74,1.88,1.49,369.05,-3094.86,-9495.0,SWEEP,
539,2026-04-03 21:24:04,heatmap_15:55_d7,15:55:00,both_sides,10.0,7,single,none,15,397,94.5,60600.0,-21300.0,2.85,2.85,1.93,334.6,-2948.86,-7905.0,SWEEP,
540,2026-04-03 21:24:07,heatmap_15:55_d8,15:55:00,both_sides,10.0,8,single,none,15,321,96.0,54885.0,-16230.0,3.57,3.38,2.44,302.14,-2936.54,-7905.0,SWEEP,
541,2026-04-03 21:24:11,heatmap_15:55_d9,15:55:00,both_sides,10.0,9,single,none,15,261,96.9,42060.0,-10980.0,3.5,3.83,2.54,274.15,-3412.5,-7905.0,SWEEP,
542,2026-04-03 21:24:14,heatmap_15:55_d10,15:55:00,both_sides,10.0,10,single,none,15,212,98.1,42555.0,-5640.0,6.58,7.55,5.01,255.58,-2651.25,-4110.0,SWEEP,
543,2026-04-03 21:24:18,heatmap_15:55_d11,15:55:00,both_sides,10.0,11,single,none,15,177,99.4,38175.0,-2670.0,9.66,14.3,15.3,232.07,-2670.0,-2670.0,SWEEP,
544,2026-04-03 21:24:21,heatmap_15:55_d12,15:55:00,both_sides,10.0,12,single,none,15,149,100.0,31305.0,0.0,12.75,0,inf,210.1,0,45.0,SWEEP,
545,2026-04-03 21:24:24,heatmap_15:55_d13,15:55:00,both_sides,10.0,13,single,none,15,118,100.0,21810.0,0.0,13.1,0,inf,184.83,0,45.0,SWEEP,
546,2026-04-03 21:24:28,heatmap_15:55_d14,15:55:00,both_sides,10.0,14,single,none,15,93,100.0,16560.0,0.0,12.3,0,inf,178.06,0,45.0,SWEEP,
547,2026-04-03 21:24:31,heatmap_15:55_d15,15:55:00,both_sides,10.0,15,single,none,15,77,100.0,12765.0,0.0,11.66,0,inf,165.78,0,45.0,SWEEP,
548,2026-04-03 21:24:35,heatmap_15:56_d5,15:56:00,both_sides,10.0,5,single,none,15,469,94.9,59550.0,-12570.0,1.92,4.74,1.65,339.13,-3806.88,-11460.0,SWEEP,
549,2026-04-03 21:24:38,heatmap_15:56_d6,15:56:00,both_sides,10.0,6,single,none,15,361,96.1,62220.0,-12570.0,3.12,4.95,2.42,305.66,-3131.79,-11460.0,SWEEP,
550,2026-04-03 21:24:42,heatmap_15:56_d7,15:56:00,both_sides,10.0,7,single,none,15,279,96.8,50790.0,-9825.0,4.17,5.17,2.8,292.78,-3140.0,-5130.0,SWEEP,
551,2026-04-03 21:24:45,heatmap_15:56_d8,15:56:00,both_sides,10.0,8,single,none,15,229,98.3,41385.0,-4410.0,6.04,9.38,4.38,238.33,-3060.0,-4410.0,SWEEP,
552,2026-04-03 21:24:49,heatmap_15:56_d9,15:56:00,both_sides,10.0,9,single,none,15,173,97.7,26265.0,-4410.0,4.53,5.96,3.15,227.84,-3060.0,-4410.0,SWEEP,
553,2026-04-03 21:24:52,heatmap_15:56_d10,15:56:00,both_sides,10.0,10,single,none,15,141,97.9,21495.0,-4410.0,4.78,4.87,3.49,218.37,-2880.0,-4410.0,SWEEP,
554,2026-04-03 21:24:56,heatmap_15:56_d11,15:56:00,both_sides,10.0,11,single,none,15,107,98.1,15810.0,-4410.0,4.39,3.59,3.29,216.43,-3457.5,-4410.0,SWEEP,
555,2026-04-03 21:24:59,heatmap_15:56_d12,15:56:00,both_sides,10.0,12,single,none,15,81,100.0,18195.0,0.0,11.96,0,inf,224.63,0,45.0,SWEEP,
556,2026-04-03 21:25:02,heatmap_15:56_d13,15:56:00,both_sides,10.0,13,single,none,15,60,100.0,9675.0,0.0,12.12,0,inf,161.25,0,45.0,SWEEP,
557,2026-04-03 21:25:06,heatmap_15:56_d14,15:56:00,both_sides,10.0,14,single,none,15,49,100.0,7905.0,0.0,11.36,0,inf,161.33,0,45.0,SWEEP,
558,2026-04-03 21:25:09,heatmap_15:56_d15,15:56:00,both_sides,10.0,15,single,none,15,40,100.0,6525.0,0.0,10.44,0,inf,163.12,0,45.0,SWEEP,
559,2026-04-03 21:25:13,heatmap_15:57_d5,15:57:00,both_sides,10.0,5,single,none,15,346,96.2,62790.0,-7425.0,4.16,8.46,2.91,287.39,-2531.54,-5685.0,SWEEP,
560,2026-04-03 21:25:16,heatmap_15:57_d6,15:57:00,both_sides,10.0,6,single,none,15,270,98.5,58350.0,-4935.0,7.26,11.82,7.45,253.36,-2261.25,-4935.0,SWEEP,
561,2026-04-03 21:25:19,heatmap_15:57_d7,15:57:00,both_sides,10.0,7,single,none,15,195,99.5,46830.0,-600.0,11.89,78.05,79.05,244.48,-600.0,-600.0,SWEEP,
562,2026-04-03 21:25:23,heatmap_15:57_d8,15:57:00,both_sides,10.0,8,single,none,15,153,100.0,29985.0,0.0,12.49,0,inf,195.98,0,45.0,SWEEP,
563,2026-04-03 21:25:26,heatmap_15:57_d9,15:57:00,both_sides,10.0,9,single,none,15,121,100.0,22620.0,0.0,13.68,0,inf,186.94,0,45.0,SWEEP,
564,2026-04-03 21:25:29,heatmap_15:57_d10,15:57:00,both_sides,10.0,10,single,none,15,89,100.0,16905.0,0.0,13.3,0,inf,189.94,0,45.0,SWEEP,
565,2026-04-03 21:25:33,heatmap_15:57_d11,15:57:00,both_sides,10.0,11,single,none,15,63,100.0,11160.0,0.0,13.93,0,inf,177.14,0,45.0,SWEEP,
566,2026-04-03 21:25:36,heatmap_15:57_d12,15:57:00,both_sides,10.0,12,single,none,15,49,100.0,8580.0,0.0,12.42,0,inf,175.1,0,45.0,SWEEP,
567,2026-04-03 21:25:39,heatmap_15:57_d13,15:57:00,both_sides,10.0,13,single,none,15,31,100.0,5745.0,0.0,10.46,0,inf,185.32,0,45.0,SWEEP,
568,2026-04-03 21:25:43,heatmap_15:57_d14,15:57:00,both_sides,10.0,14,single,none,15,21,100.0,4545.0,0.0,13.38,0,inf,216.43,0,45.0,SWEEP,
569,2026-04-03 21:25:46,heatmap_15:57_d15,15:57:00,both_sides,10.0,15,single,none,15,16,100.0,3795.0,0.0,14.41,0,inf,237.19,0,45.0,SWEEP,
570,2026-04-03 21:25:49,heatmap_15:58_d5,15:58:00,both_sides,10.0,5,single,none,15,224,97.3,43575.0,-3330.0,6.95,13.09,5.16,247.98,-1747.5,-3180.0,SWEEP,
571,2026-04-03 21:25:53,heatmap_15:58_d6,15:58:00,both_sides,10.0,6,single,none,15,159,97.5,27480.0,-2685.0,7.95,10.23,6.42,210.0,-1267.5,-2685.0,SWEEP,
572,2026-04-03 21:25:56,heatmap_15:58_d7,15:58:00,both_sides,10.0,7,single,none,15,115,100.0,20625.0,0.0,12.94,0,inf,179.35,0,45.0,SWEEP,
573,2026-04-03 21:25:59,heatmap_15:58_d8,15:58:00,both_sides,10.0,8,single,none,15,90,100.0,16725.0,0.0,14.14,0,inf,185.83,0,45.0,SWEEP,
574,2026-04-03 21:26:03,heatmap_15:58_d9,15:58:00,both_sides,10.0,9,single,none,15,65,100.0,11550.0,0.0,12.68,0,inf,177.69,0,45.0,SWEEP,
575,2026-04-03 21:26:06,heatmap_15:58_d10,15:58:00,both_sides,10.0,10,single,none,15,46,100.0,7320.0,0.0,13.29,0,inf,159.13,0,45.0,SWEEP,
576,2026-04-03 21:26:09,heatmap_15:58_d11,15:58:00,both_sides,10.0,11,single,none,15,28,100.0,4485.0,0.0,12.72,0,inf,160.18,0,45.0,SWEEP,
577,2026-04-03 21:26:12,heatmap_15:58_d12,15:58:00,both_sides,10.0,12,single,none,15,17,100.0,3390.0,0.0,14.2,0,inf,199.41,0,45.0,SWEEP,
578,2026-04-03 21:26:16,heatmap_15:58_d13,15:58:00,both_sides,10.0,13,single,none,15,15,100.0,2925.0,0.0,12.46,0,inf,195.0,0,45.0,SWEEP,
579,2026-04-03 21:26:19,heatmap_15:58_d14,15:58:00,both_sides,10.0,14,single,none,15,13,100.0,2685.0,0.0,11.86,0,inf,206.54,0,45.0,SWEEP,
580,2026-04-03 21:26:22,heatmap_15:58_d15,15:58:00,both_sides,10.0,15,single,none,15,9,100.0,1530.0,0.0,14.78,0,inf,170.0,0,45.0,SWEEP,
581,2026-04-03 21:26:25,heatmap_15:59_d5,15:59:00,both_sides,10.0,5,single,none,15,120,99.2,12945.0,-10635.0,1.82,1.22,2.22,198.15,-10635.0,-10635.0,SWEEP,
582,2026-04-03 21:26:29,heatmap_15:59_d6,15:59:00,both_sides,10.0,6,single,none,15,76,98.7,3840.0,-10635.0,0.7,0.36,1.36,193.0,-10635.0,-10635.0,SWEEP,
583,2026-04-03 21:26:32,heatmap_15:59_d7,15:59:00,both_sides,10.0,7,single,none,15,48,97.9,6180.0,-3360.0,4.01,1.84,2.84,202.98,-3360.0,-3360.0,SWEEP,
584,2026-04-03 21:26:35,heatmap_15:59_d8,15:59:00,both_sides,10.0,8,single,none,15,33,97.0,3180.0,-3360.0,2.47,0.95,1.95,204.38,-3360.0,-3360.0,SWEEP,
585,2026-04-03 21:26:38,heatmap_15:59_d9,15:59:00,both_sides,10.0,9,single,none,15,20,95.0,420.0,-3360.0,0.4,0.12,1.12,198.95,-3360.0,-3360.0,SWEEP,
586,2026-04-03 21:26:42,heatmap_15:59_d10,15:59:00,both_sides,10.0,10,single,none,15,16,93.8,-735.0,-3360.0,-0.83,-0.22,0.78,175.0,-3360.0,-3360.0,SWEEP,
587,2026-04-03 21:26:45,heatmap_15:59_d11,15:59:00,both_sides,10.0,11,single,none,15,12,91.7,-1365.0,-3360.0,-1.75,-0.41,0.59,181.36,-3360.0,-3360.0,SWEEP,
588,2026-04-03 21:26:48,heatmap_15:59_d12,15:59:00,both_sides,10.0,12,single,none,15,9,100.0,1380.0,0.0,11.64,0,inf,153.33,0,45.0,SWEEP,
589,2026-04-03 21:26:51,heatmap_15:59_d13,15:59:00,both_sides,10.0,13,single,none,15,6,100.0,1020.0,0.0,11.46,0,inf,170.0,0,45.0,SWEEP,
590,2026-04-03 21:26:55,heatmap_15:59_d14,15:59:00,both_sides,10.0,14,single,none,15,4,100.0,930.0,0.0,13.31,0,inf,232.5,0,45.0,SWEEP,
591,2026-04-03 21:26:58,heatmap_15:59_d15,15:59:00,both_sides,10.0,15,single,none,15,2,100.0,765.0,0.0,16.36,0,inf,382.5,0,120.0,SWEEP,
592,2026-04-04 00:48:53,ic_q15,11:00:00,both_sides,10.0,10.0,single,none,15,324,100.0,76680.0,0.0,13.6,0,inf,236.67,0,45.0,CREATIVE,
593,2026-04-04 00:49:01,ic_q20,11:00:00,both_sides,10.0,10.0,single,none,20,324,100.0,90561.0,0.0,14.07,0,inf,279.51,0,30.0,CREATIVE,
594,2026-04-04 00:49:09,ic_q25,11:00:00,both_sides,10.0,10.0,single,none,25,324,100.0,103809.0,0.0,14.31,0,inf,320.4,0,15.0,CREATIVE,
595,2026-04-04 00:49:17,ic_q30,11:00:00,both_sides,10.0,10.0,single,none,30,267,100.0,117052.0,0.0,14.26,0,inf,438.4,0,8.0,CREATIVE,
596,2026-04-04 00:49:26,wf_ic_q30_full,11:00:00,both_sides,10.0,10.0,single,none,1,267,100.0,117052.0,0.0,14.26,0,inf,438.4,0,8.0,WF_Full,
597,2026-04-04 00:49:32,wf_ic_q30_is,11:00:00,both_sides,10.0,10.0,single,none,1,166,100.0,65090.0,0.0,15.03,0,inf,392.11,0,13.0,WF_IS,
598,2026-04-04 00:49:34,wf_ic_q30_oos,11:00:00,both_sides,10.0,10.0,single,none,1,101,100.0,51962.0,0.0,13.77,0,inf,514.48,0,8.0,WF_OOS,
602,2026-04-04 00:50:50,dual_5557_d12d8,11:00:00,both_sides,10.0,10.0,single,none,1,340,100.0,69750.0,0.0,10.79,0,inf,205.15,0,45.0,CREATIVE,
603,2026-04-04 00:51:09,mega_v6,11:00:00,both_sides,10.0,10.0,single,none,1,558,100.0,121335.0,0.0,11.27,0,inf,217.45,0,45.0,CREATIVE,
610,2026-04-04 00:54:42,mega_v7_full,11:00:00,always_call,10.0,10.0,single,none,15,620,100.0,142800.0,0.0,11.65,0,inf,230.32,0,45.0,FINAL,
