Symbol,Strategy,Side,Short Strike,Long Strike,Right,Date,Time,Status,Risk,P/L
SPX,Short Put Spread,PUT,"4,785","4,790",P,"Jan 3, 2022",3:54pm → 3:56pm,Touch,"$1,140",-$39
SPX,Short Put Spread,PUT,"4,705","4,710",P,"Jan 5, 2022",3:54pm → 3:56pm,Touch,"$1,215",-$201
SPX,Short Put Spread,PUT,"4,680","4,685",P,"Jan 7, 2022",3:54pm → 3:55pm,Touch,"$1,448",-$516
SPX,Short Put Spread,PUT,"4,650","4,655",P,"Jan 10, 2022",3:54pm → 4:00pm,Expired,"$1,143",$357
SPX,Short Put Spread,PUT,"4,725","4,730",P,"Jan 12, 2022",3:54pm → 3:55pm,Touch,"$1,191",-$141
SPX,Short Put Spread,PUT,"4,655","4,660",P,"Jan 14, 2022",3:54pm → 3:56pm,Touch,"$1,200",-$141
SPX,Short Put Spread,PUT,"4,570","4,575",P,"Jan 18, 2022",3:54pm → 3:55pm,Touch,"$1,288",-$508
SPX,Short Put Spread,PUT,"4,535","4,540",P,"Jan 19, 2022",3:54pm → 3:55pm,Touch,"$1,332",$48
SPX,Short Put Spread,PUT,"4,395","4,400",P,"Jan 21, 2022",3:54pm → 3:55pm,Touch,"$1,392",-$284
SPX,Short Put Spread,PUT,"4,395","4,400",P,"Jan 24, 2022",3:54pm → 4:00pm,Expired,"$1,300",$700
SPX,Short Put Spread,PUT,"4,330","4,335",P,"Jan 26, 2022",3:54pm → 4:00pm,Expired,"$1,475","$1,025"
SPX,Short Put Spread,PUT,"4,410","4,415",P,"Jan 28, 2022",3:54pm → 4:00pm,Expired,"$1,292",$708
SPX,Short Put Spread,PUT,"4,505","4,510",P,"Jan 31, 2022",3:54pm → 3:56pm,Touch,"$1,292",$156
SPX,Short Put Spread,PUT,"4,580","4,585",P,"Feb 2, 2022",3:54pm → 4:00pm,Expired,"$1,320",$680
SPX,Short Put Spread,PUT,"4,505","4,510",P,"Feb 4, 2022",3:54pm → 3:56pm,Touch,"$1,212",-$32
SPX,Short Put Spread,PUT,"4,470","4,475",P,"Feb 7, 2022",3:54pm → 3:55pm,Touch,"$1,308",-$280
SPX,Short Put Spread,PUT,"4,580","4,585",P,"Feb 9, 2022",3:54pm → 3:55pm,Touch,"$1,185",-$201
SPX,Short Put Spread,PUT,"4,420","4,425",P,"Feb 11, 2022",3:54pm → 3:55pm,Touch,"$1,260",-$160
SPX,Short Put Spread,PUT,"4,390","4,395",P,"Feb 14, 2022",3:54pm → 4:00pm,Expired,"$1,432",$568
SPX,Short Put Spread,PUT,"4,475","4,480",P,"Feb 16, 2022",3:54pm → 3:55pm,Touch,"$1,278",-$351
SPX,Short Put Spread,PUT,"4,340","4,345",P,"Feb 18, 2022",3:54pm → 3:57pm,Touch,"$1,428",-$16
SPX,Short Put Spread,PUT,"4,285","4,290",P,"Feb 22, 2022",3:54pm → 4:00pm,Expired,"$1,320",$680
SPX,Short Put Spread,PUT,"4,220","4,225",P,"Feb 23, 2022",3:54pm → 3:55pm,Touch,"$1,408",-$280
SPX,Short Put Spread,PUT,"4,375","4,380",P,"Feb 25, 2022",3:54pm → 3:55pm,Touch,"$1,143",-$102
SPX,Short Put Spread,PUT,"4,390","4,395",P,"Mar 2, 2022",3:54pm → 3:55pm,Touch,"$1,320",-$12
SPX,Short Put Spread,PUT,"4,310","4,315",P,"Mar 4, 2022",3:54pm → 4:00pm,Expired,"$1,179",$321
SPX,Short Put Spread,PUT,"4,200","4,205",P,"Mar 7, 2022",3:54pm → 3:55pm,Touch,"$1,340",-$360
SPX,Short Put Spread,PUT,"4,270","4,275",P,"Mar 9, 2022",3:54pm → 3:56pm,Touch,"$1,456",-$96
SPX,Short Put Spread,PUT,"4,200","4,205",P,"Mar 11, 2022",3:54pm → 3:58pm,Touch,"$1,480",-$72
SPX,Short Put Spread,PUT,"4,160","4,165",P,"Mar 14, 2022",3:54pm → 4:00pm,Expired,"$1,412",$588
SPX,Short Put Spread,PUT,"4,340","4,345",P,"Mar 16, 2022",3:54pm → 3:55pm,Touch,"$1,300",$8
SPX,Short Put Spread,PUT,"4,450","4,455",P,"Mar 18, 2022",3:54pm → 4:00pm,Expired,"$1,460",$540
SPX,Short Put Spread,PUT,"4,445","4,450",P,"Mar 21, 2022",3:54pm → 4:00pm,Expired,"$1,155",$345
SPX,Short Put Spread,PUT,"4,455","4,460",P,"Mar 23, 2022",3:54pm → 3:55pm,Touch,"$1,396",-$108
SPX,Short Put Spread,PUT,"4,525","4,530",P,"Mar 25, 2022",3:54pm → 4:00pm,Expired,"$1,257",$243
SPX,Short Put Spread,PUT,"4,555","4,560",P,"Mar 28, 2022",3:54pm → 4:00pm,Expired,"$1,287",$213
SPX,Short Put Spread,PUT,"4,580","4,585",P,"Mar 30, 2022",3:54pm → 4:00pm,Expired,"$1,488",$512
SPX,Short Put Spread,PUT,"4,545","4,550",P,"Mar 31, 2022",3:54pm → 3:55pm,Touch,"$1,312",-$312
SPX,Short Put Spread,PUT,"4,530","4,535",P,"Apr 1, 2022",3:54pm → 4:00pm,Expired,"$1,308",$192
SPX,Short Put Spread,PUT,"4,575","4,580",P,"Apr 4, 2022",3:54pm → 3:55pm,Touch,"$1,368",$252
SPX,Short Put Spread,PUT,"4,480","4,485",P,"Apr 6, 2022",3:54pm → 3:55pm,Touch,"$1,320",-$332
SPX,Short Put Spread,PUT,"4,480","4,485",P,"Apr 8, 2022",3:54pm → 3:55pm,Touch,"$1,488",-$48
SPX,Short Put Spread,PUT,"4,405","4,410",P,"Apr 11, 2022",3:54pm → 3:55pm,Touch,"$1,448",-$168
SPX,Short Put Spread,PUT,"4,440","4,445",P,"Apr 13, 2022",3:54pm → 3:55pm,Touch,"$1,176",-$21
SPX,Short Put Spread,PUT,"4,385","4,390",P,"Apr 14, 2022",3:54pm → 4:00pm,Expired,"$1,221",$279
SPX,Short Put Spread,PUT,"4,370","4,375",P,"Apr 18, 2022",3:54pm → 4:00pm,Expired,"$1,185",$315
SPX,Short Put Spread,PUT,"4,455","4,460",P,"Apr 20, 2022",3:54pm → 3:55pm,Touch,"$1,245",-$156
SPX,Short Put Spread,PUT,"4,275","4,280",P,"Apr 22, 2022",3:54pm → 3:55pm,Touch,"$1,340",-$300
SPX,Short Put Spread,PUT,"4,290","4,295",P,"Apr 25, 2022",3:54pm → 3:56pm,Touch,"$1,348",-$168
SPX,Short Put Spread,PUT,"4,175","4,180",P,"Apr 26, 2022",3:54pm → 3:57pm,Touch,"$1,170",-$294
SPX,Short Put Spread,PUT,"4,180","4,185",P,"Apr 27, 2022",3:54pm → 3:55pm,Touch,"$1,248",$24
SPX,Short Put Spread,PUT,"4,125","4,130",P,"Apr 29, 2022",3:54pm → 3:55pm,Touch,"$1,475",-$75
SPX,Short Put Spread,PUT,"4,145","4,150",P,"May 2, 2022",3:54pm → 4:00pm,Expired,"$1,452",$548
SPX,Short Put Spread,PUT,"4,300","4,305",P,"May 4, 2022",3:54pm → 3:56pm,Touch,"$1,232",-$412
SPX,Short Put Spread,PUT,"4,120","4,125",P,"May 6, 2022",3:54pm → 3:55pm,Touch,"$1,292",-$100
SPX,Short Put Spread,PUT,"3,975","3,980",P,"May 9, 2022",3:54pm → 4:00pm,Expired,"$1,320",$680
SPX,Short Put Spread,PUT,"3,995","4,000",P,"May 10, 2022",3:54pm → 3:56pm,Touch,"$1,292",-$272
SPX,Short Put Spread,PUT,"3,925","3,930",P,"May 11, 2022",3:54pm → 3:57pm,Touch,"$1,208",$192
SPX,Short Put Spread,PUT,"4,000","4,005",P,"May 13, 2022",3:54pm → 4:00pm,Expired,"$1,328",$672
SPX,Short Put Spread,PUT,"4,005","4,010",P,"May 16, 2022",3:54pm → 3:55pm,Touch,"$1,460",-$248
SPX,Short Put Spread,PUT,"4,075","4,080",P,"May 17, 2022",3:54pm → 3:56pm,Touch,"$1,420",$80
SPX,Short Put Spread,PUT,"3,910","3,915",P,"May 18, 2022",3:54pm → 3:55pm,Touch,"$1,272",-$244
SPX,Short Put Spread,PUT,"3,890","3,895",P,"May 19, 2022",3:54pm → 4:00pm,Expired,"$1,254",$246
SPX,Short Put Spread,PUT,"3,885","3,890",P,"May 20, 2022",3:54pm → 4:00pm,Expired,"$1,428",$572
SPX,Short Put Spread,PUT,"3,960","3,965",P,"May 23, 2022",3:54pm → 3:55pm,Touch,"$1,448",-$288
SPX,Short Put Spread,PUT,"3,930","3,935",P,"May 24, 2022",3:54pm → 3:55pm,Touch,"$1,146",-$240
SPX,Short Put Spread,PUT,"3,965","3,970",P,"May 25, 2022",3:54pm → 4:00pm,Expired,"$1,224",$276
SPX,Short Put Spread,PUT,"4,055","4,060",P,"May 26, 2022",3:54pm → 3:55pm,Touch,"$1,230",-$249
SPX,Short Put Spread,PUT,"4,140","4,145",P,"May 27, 2022",3:54pm → 4:00pm,Expired,"$1,308",$692
SPX,Short Put Spread,PUT,"4,140","4,145",P,"May 31, 2022",3:54pm → 3:55pm,Touch,"$1,208",-$508
SPX,Short Put Spread,PUT,"4,105","4,110",P,"Jun 1, 2022",3:54pm → 3:55pm,Touch,"$1,460",-$280
SPX,Short Put Spread,PUT,"4,105","4,110",P,"Jun 3, 2022",3:54pm → 3:55pm,Touch,"$1,312",$168
SPX,Short Put Spread,PUT,"4,110","4,115",P,"Jun 6, 2022",3:54pm → 4:00pm,Expired,"$1,260",$240
SPX,Short Put Spread,PUT,"4,155","4,160",P,"Jun 7, 2022",3:54pm → 3:57pm,Touch,"$1,164",$81
SPX,Short Put Spread,PUT,"4,105","4,110",P,"Jun 8, 2022",3:54pm → 4:00pm,Expired,"$1,460",$540
SPX,Short Put Spread,PUT,"4,020","4,025",P,"Jun 9, 2022",3:54pm → 3:56pm,Touch,"$1,488",-$448
SPX,Short Put Spread,PUT,"3,905","3,910",P,"Jun 10, 2022",3:54pm → 3:56pm,Touch,"$1,440",-$100
SPX,Short Put Spread,PUT,"3,725","3,730",P,"Jun 14, 2022",3:54pm → 4:00pm,Expired,"$1,170",$330
SPX,Short Put Spread,PUT,"3,775","3,780",P,"Jun 15, 2022",3:54pm → 4:00pm,Expired,"$1,312",$688
SPX,Short Put Spread,PUT,"3,645","3,650",P,"Jun 16, 2022",3:54pm → 4:00pm,Expired,"$1,492",$508
SPX,Short Put Spread,PUT,"3,670","3,675",P,"Jun 17, 2022",3:54pm → 3:59pm,Touch,"$1,480",$148
SPX,Short Put Spread,PUT,"3,765","3,770",P,"Jun 21, 2022",3:54pm → 3:55pm,Touch,"$1,209",-$84
SPX,Short Put Spread,PUT,"3,760","3,765",P,"Jun 22, 2022",3:54pm → 3:59pm,Touch,"$1,284",-$204
SPX,Short Put Spread,PUT,"3,790","3,795",P,"Jun 23, 2022",3:54pm → 3:55pm,Touch,"$1,400",-$328
SPX,Short Put Spread,PUT,"3,895","3,900",P,"Jun 24, 2022",3:54pm → 4:00pm,Expired,"$1,353",$147
SPX,Short Put Spread,PUT,"3,885","3,890",P,"Jun 27, 2022",3:54pm → 4:00pm,Expired,"$1,320",$680
SPX,Short Put Spread,PUT,"3,820","3,825",P,"Jun 28, 2022",3:54pm → 3:56pm,Touch,"$1,452",-$212
SPX,Short Put Spread,PUT,"3,800","3,805",P,"Jun 29, 2022",3:54pm → 4:00pm,Expired,"$1,236",$264
SPX,Short Put Spread,PUT,"3,765","3,770",P,"Jun 30, 2022",3:54pm → 3:55pm,Touch,"$1,400",$20
SPX,Short Put Spread,PUT,"3,810","3,815",P,"Jul 1, 2022",3:54pm → 4:00pm,Expired,"$1,179",$321
SPX,Short Put Spread,PUT,"3,815","3,820",P,"Jul 5, 2022",3:54pm → 4:00pm,Expired,"$1,284",$216
SPX,Short Put Spread,PUT,"3,835","3,840",P,"Jul 6, 2022",3:54pm → 3:55pm,Touch,"$1,316",$16
SPX,Short Put Spread,PUT,"3,895","3,900",P,"Jul 7, 2022",3:54pm → 3:56pm,Touch,"$1,332",$228
SPX,Short Put Spread,PUT,"3,895","3,900",P,"Jul 8, 2022",3:54pm → 3:59pm,Touch,"$1,278",-$33
SPX,Short Put Spread,PUT,"3,840","3,845",P,"Jul 11, 2022",3:54pm → 4:00pm,Expired,"$1,332",$168
SPX,Short Put Spread,PUT,"3,810","3,815",P,"Jul 12, 2022",3:54pm → 4:00pm,Expired,"$1,269",$231
SPX,Short Put Spread,PUT,"3,800","3,805",P,"Jul 13, 2022",3:54pm → 3:56pm,Touch,"$1,146",--
SPX,Short Put Spread,PUT,"3,780","3,785",P,"Jul 14, 2022",3:54pm → 4:00pm,Expired,"$1,311",$189
SPX,Short Put Spread,PUT,"3,845","3,850",P,"Jul 15, 2022",3:54pm → 4:00pm,Expired,"$1,275",$225
SPX,Short Put Spread,PUT,"3,820","3,825",P,"Jul 18, 2022",3:54pm → 4:00pm,Expired,"$1,134",$366
SPX,Short Put Spread,PUT,"3,925","3,930",P,"Jul 19, 2022",3:54pm → 4:00pm,Expired,"$1,275",$225
SPX,Short Put Spread,PUT,"3,955","3,960",P,"Jul 20, 2022",3:54pm → 3:55pm,Touch,"$1,254",-$228
SPX,Short Put Spread,PUT,"3,985","3,990",P,"Jul 21, 2022",3:54pm → 4:00pm,Expired,"$1,299",$201
SPX,Short Put Spread,PUT,"3,950","3,955",P,"Jul 22, 2022",3:54pm → 3:55pm,Touch,"$1,460",-$8
SPX,Short Put Spread,PUT,"3,955","3,960",P,"Jul 25, 2022",3:54pm → 4:00pm,Expired,"$1,492",$508
SPX,Short Put Spread,PUT,"3,910","3,915",P,"Jul 26, 2022",3:54pm → 4:00pm,Expired,"$1,332",$168
SPX,Short Put Spread,PUT,"4,020","4,025",P,"Jul 27, 2022",3:54pm → 3:58pm,Touch,"$1,344",$236
SPX,Short Put Spread,PUT,"4,065","4,070",P,"Jul 28, 2022",3:54pm → 3:55pm,Touch,"$1,185",$60
SPX,Short Put Spread,PUT,"4,125","4,130",P,"Jul 29, 2022",3:54pm → 3:56pm,Touch,"$1,272",-$63
SPX,Short Put Spread,PUT,"4,110","4,115",P,"Aug 1, 2022",3:54pm → 3:57pm,Touch,"$1,365",-$159
SPX,Short Put Spread,PUT,"4,090","4,095",P,"Aug 2, 2022",3:54pm → 3:55pm,Touch,"$1,452",-$20
SPX,Short Put Spread,PUT,"4,160","4,165",P,"Aug 3, 2022",3:54pm → 3:55pm,Touch,"$1,380",-$220
SPX,Short Put Spread,PUT,"4,140","4,145",P,"Aug 4, 2022",3:54pm → 4:00pm,Expired,"$1,395",$105
SPX,Short Put Spread,PUT,"4,135","4,140",P,"Aug 5, 2022",3:54pm → 4:00pm,Expired,"$1,269",$231
SPX,Short Put Spread,PUT,"4,135","4,140",P,"Aug 8, 2022",3:54pm → 3:55pm,Touch,"$1,170",$111
SPX,Short Put Spread,PUT,"4,115","4,120",P,"Aug 9, 2022",3:54pm → 3:55pm,Touch,"$1,272",$36
SPX,Short Put Spread,PUT,"4,200","4,205",P,"Aug 10, 2022",3:54pm → 4:00pm,Expired,"$1,290",$210
SPX,Short Put Spread,PUT,"4,200","4,205",P,"Aug 11, 2022",3:54pm → 3:57pm,Touch,"$1,428",-$90
SPX,Short Put Spread,PUT,"4,265","4,270",P,"Aug 12, 2022",3:54pm → 4:00pm,Expired,"$1,380",$120
SPX,Short Put Spread,PUT,"4,290","4,295",P,"Aug 15, 2022",3:54pm → 3:55pm,Touch,"$1,281",-$45
SPX,Short Put Spread,PUT,"4,300","4,305",P,"Aug 16, 2022",3:54pm → 3:56pm,Touch,"$1,305",-$219
SPX,Short Put Spread,PUT,"4,265","4,270",P,"Aug 17, 2022",3:54pm → 4:00pm,Expired,"$1,416",$84
SPX,Short Put Spread,PUT,"4,275","4,280",P,"Aug 18, 2022",3:54pm → 3:55pm,Touch,"$1,245",$45
SPX,Short Put Spread,PUT,"4,220","4,225",P,"Aug 19, 2022",3:54pm → 4:00pm,Expired,"$1,290",$210
SPX,Short Put Spread,PUT,"4,130","4,135",P,"Aug 22, 2022",3:54pm → 3:57pm,Touch,"$1,341",-$96
SPX,Short Put Spread,PUT,"4,125","4,130",P,"Aug 23, 2022",3:54pm → 3:55pm,Touch,"$1,296",-$60
SPX,Short Put Spread,PUT,"4,140","4,145",P,"Aug 24, 2022",3:54pm → 3:55pm,Touch,"$1,341",-$75
SPX,Short Put Spread,PUT,"4,185","4,190",P,"Aug 25, 2022",3:54pm → 4:00pm,Expired,"$1,296",$204
SPX,Short Put Spread,PUT,"4,055","4,060",P,"Aug 26, 2022",3:54pm → 3:55pm,Touch,"$1,191",-$252
SPX,Short Put Spread,PUT,"4,035","4,040",P,"Aug 29, 2022",3:54pm → 3:55pm,Touch,"$1,408",-$336
SPX,Short Put Spread,PUT,"3,970","3,975",P,"Aug 30, 2022",3:54pm → 4:00pm,Expired,"$1,372",$628
SPX,Short Put Spread,PUT,"3,965","3,970",P,"Aug 31, 2022",3:54pm → 3:55pm,Touch,"$1,161",-$435
SPX,Short Put Spread,PUT,"3,945","3,950",P,"Sep 1, 2022",3:54pm → 4:00pm,Expired,"$1,344",$156
SPX,Short Put Spread,PUT,"3,910","3,915",P,"Sep 2, 2022",3:54pm → 4:00pm,Expired,"$1,452",$548
SPX,Short Put Spread,PUT,"3,900","3,905",P,"Sep 6, 2022",3:54pm → 3:55pm,Touch,"$1,280",$52
SPX,Short Put Spread,PUT,"3,975","3,980",P,"Sep 7, 2022",3:54pm → 3:56pm,Touch,"$1,484",-$396
SPX,Short Put Spread,PUT,"3,990","3,995",P,"Sep 8, 2022",3:54pm → 4:00pm,Expired,"$1,245",$255
SPX,Short Put Spread,PUT,"4,065","4,070",P,"Sep 9, 2022",3:54pm → 3:56pm,Touch,"$1,170",--
SPX,Short Put Spread,PUT,"4,095","4,100",P,"Sep 12, 2022",3:54pm → 4:00pm,Expired,"$1,299",$201
SPX,Short Put Spread,PUT,"3,925","3,930",P,"Sep 13, 2022",3:54pm → 3:56pm,Touch,"$1,360",-$340
SPX,Short Put Spread,PUT,"3,935","3,940",P,"Sep 14, 2022",3:54pm → 3:56pm,Touch,"$1,368",-$120
SPX,Short Put Spread,PUT,"3,895","3,900",P,"Sep 15, 2022",3:54pm → 4:00pm,Expired,"$1,448",$552
SPX,Short Put Spread,PUT,"3,865","3,870",P,"Sep 16, 2022",3:54pm → 4:00pm,Expired,"$1,146",$354
SPX,Short Put Spread,PUT,"3,890","3,895",P,"Sep 19, 2022",3:54pm → 3:56pm,Touch,"$1,468",-$108
SPX,Short Put Spread,PUT,"3,850","3,855",P,"Sep 20, 2022",3:54pm → 3:57pm,Touch,"$1,230",-$150
SPX,Short Put Spread,PUT,"3,795","3,800",P,"Sep 21, 2022",3:54pm → 3:56pm,Touch,"$1,480",-$360
SPX,Short Put Spread,PUT,"3,765","3,770",P,"Sep 22, 2022",3:54pm → 3:55pm,Touch,"$1,492",-$156
SPX,Short Put Spread,PUT,"3,685","3,690",P,"Sep 23, 2022",3:54pm → 3:55pm,Touch,"$1,348",$44
SPX,Short Put Spread,PUT,"3,675","3,680",P,"Sep 26, 2022",3:54pm → 3:55pm,Touch,"$1,280",-$380
SPX,Short Put Spread,PUT,"3,640","3,645",P,"Sep 27, 2022",3:54pm → 3:58pm,Touch,"$1,137",-$33
SPX,Short Put Spread,PUT,"3,725","3,730",P,"Sep 28, 2022",3:54pm → 3:55pm,Touch,"$1,275",-$309
SPX,Short Put Spread,PUT,"3,630","3,635",P,"Sep 29, 2022",3:54pm → 4:00pm,Expired,"$1,428",$572
SPX,Short Put Spread,PUT,"3,590","3,595",P,"Sep 30, 2022",3:54pm → 3:55pm,Touch,"$1,400",-$125
SPX,Short Put Spread,PUT,"3,670","3,675",P,"Oct 3, 2022",3:54pm → 3:56pm,Touch,"$1,230",-$210
SPX,Short Put Spread,PUT,"3,780","3,785",P,"Oct 4, 2022",3:54pm → 4:00pm,Expired,"$1,194",$306
SPX,Short Put Spread,PUT,"3,775","3,780",P,"Oct 5, 2022",3:54pm → 3:55pm,Touch,"$1,408",$32
SPX,Short Put Spread,PUT,"3,735","3,740",P,"Oct 6, 2022",3:54pm → 4:00pm,Expired,"$1,200",$300
SPX,Short Put Spread,PUT,"3,630","3,635",P,"Oct 7, 2022",3:54pm → 4:00pm,Expired,"$1,155",$345
SPX,Short Put Spread,PUT,"3,615","3,620",P,"Oct 10, 2022",3:54pm → 3:56pm,Touch,"$1,260",-$321
SPX,Short Put Spread,PUT,"3,580","3,585",P,"Oct 11, 2022",3:54pm → 4:00pm,Expired,"$1,480",$520
SPX,Short Put Spread,PUT,"3,575","3,580",P,"Oct 12, 2022",3:54pm → 3:56pm,Touch,"$1,296",-$117
SPX,Short Put Spread,PUT,"3,675","3,680",P,"Oct 13, 2022",3:54pm → 3:55pm,Touch,"$1,300",-$320
SPX,Short Put Spread,PUT,"3,585","3,590",P,"Oct 14, 2022",3:54pm → 3:56pm,Touch,"$1,239",-$624
SPX,Short Put Spread,PUT,"3,675","3,680",P,"Oct 17, 2022",3:54pm → 3:56pm,Touch,"$1,236",-$447
SPX,Short Put Spread,PUT,"3,710","3,715",P,"Oct 18, 2022",3:54pm → 3:55pm,Touch,"$1,179",-$60
SPX,Short Put Spread,PUT,"3,680","3,685",P,"Oct 19, 2022",3:54pm → 4:00pm,Expired,"$1,269",$231
SPX,Short Put Spread,PUT,"3,665","3,670",P,"Oct 20, 2022",3:54pm → 3:56pm,Touch,"$1,338",-$339
SPX,Short Put Spread,PUT,"3,745","3,750",P,"Oct 21, 2022",3:54pm → 3:58pm,Touch,"$1,311",$3
SPX,Short Put Spread,PUT,"3,785","3,790",P,"Oct 24, 2022",3:54pm → 4:00pm,Expired,"$1,350",$150
SPX,Short Put Spread,PUT,"3,850","3,855",P,"Oct 25, 2022",3:54pm → 3:55pm,Touch,"$1,275",-$168
SPX,Short Put Spread,PUT,"3,825","3,830",P,"Oct 26, 2022",3:54pm → 3:58pm,Touch,"$1,380",-$36
SPX,Short Put Spread,PUT,"3,800","3,805",P,"Oct 27, 2022",3:54pm → 3:55pm,Touch,"$1,284",-$159
SPX,Short Put Spread,PUT,"3,895","3,900",P,"Oct 28, 2022",3:54pm → 3:56pm,Touch,"$1,314",-$24
SPX,Short Put Spread,PUT,"3,865","3,870",P,"Oct 31, 2022",3:54pm → 3:55pm,Touch,"$1,248",-$99
SPX,Short Put Spread,PUT,"3,855","3,860",P,"Nov 1, 2022",3:54pm → 3:55pm,Touch,"$1,230",$24
SPX,Short Put Spread,PUT,"3,755","3,760",P,"Nov 2, 2022",3:54pm → 4:00pm,Expired,"$1,292",$584
SPX,Short Put Spread,PUT,"3,715","3,720",P,"Nov 3, 2022",3:54pm → 3:56pm,Touch,"$1,314",-$120
SPX,Short Put Spread,PUT,"3,755","3,760",P,"Nov 4, 2022",3:54pm → 3:55pm,Touch,"$1,230",$6
SPX,Short Put Spread,PUT,"3,800","3,805",P,"Nov 7, 2022",3:54pm → 3:56pm,Touch,"$1,260",-$195
SPX,Short Put Spread,PUT,"3,830","3,835",P,"Nov 8, 2022",3:54pm → 3:55pm,Touch,"$1,296",-$372
SPX,Short Put Spread,PUT,"3,745","3,750",P,"Nov 9, 2022",3:54pm → 3:55pm,Touch,"$1,428",-$276
SPX,Short Put Spread,PUT,"3,950","3,955",P,"Nov 10, 2022",3:54pm → 3:56pm,Touch,"$1,500",-$240
SPX,Short Put Spread,PUT,"3,990","3,995",P,"Nov 11, 2022",3:54pm → 3:56pm,Touch,"$1,347",-$327
SPX,Short Put Spread,PUT,"3,960","3,965",P,"Nov 14, 2022",3:54pm → 3:55pm,Touch,"$1,341",-$222
SPX,Short Put Spread,PUT,"3,975","3,980",P,"Nov 15, 2022",3:54pm → 4:00pm,Expired,"$1,185",$315
SPX,Short Put Spread,PUT,"3,960","3,965",P,"Nov 16, 2022",3:54pm → 3:55pm,Touch,"$1,245",-$39
SPX,Short Put Spread,PUT,"3,930","3,935",P,"Nov 17, 2022",3:54pm → 4:00pm,Expired,"$1,365",$135
SPX,Short Put Spread,PUT,"3,955","3,960",P,"Nov 18, 2022",3:54pm → 3:55pm,Touch,"$1,338",-$459
SPX,Short Put Spread,PUT,"3,950","3,955",P,"Nov 21, 2022",3:54pm → 3:55pm,Touch,"$1,176",-$297
SPX,Short Put Spread,PUT,"3,995","4,000",P,"Nov 22, 2022",3:54pm → 4:00pm,Expired,"$1,410",$90
SPX,Short Put Spread,PUT,"4,020","4,025",P,"Nov 23, 2022",3:54pm → 3:55pm,Touch,"$1,341",-$105
SPX,Short Put Spread,PUT,"3,955","3,960",P,"Nov 28, 2022",3:54pm → 3:56pm,Touch,"$1,197",$162
SPX,Short Put Spread,PUT,"3,945","3,950",P,"Nov 29, 2022",3:54pm → 4:00pm,Expired,"$1,284",$216
SPX,Short Put Spread,PUT,"4,060","4,065",P,"Nov 30, 2022",3:54pm → 4:00pm,Expired,"$1,329",$171
SPX,Short Put Spread,PUT,"4,075","4,080",P,"Dec 1, 2022",3:54pm → 3:55pm,Touch,"$1,365",-$204
SPX,Short Put Spread,PUT,"4,060","4,065",P,"Dec 2, 2022",3:54pm → 3:55pm,Touch,"$1,176",-$42
SPX,Short Put Spread,PUT,"3,990","3,995",P,"Dec 5, 2022",3:54pm → 4:00pm,Expired,"$1,488",$512
SPX,Short Put Spread,PUT,"3,935","3,940",P,"Dec 6, 2022",3:54pm → 3:55pm,Touch,"$1,269",$12
SPX,Short Put Spread,PUT,"3,925","3,930",P,"Dec 7, 2022",3:54pm → 4:00pm,Expired,"$1,290",$210
SPX,Short Put Spread,PUT,"3,945","3,950",P,"Dec 8, 2022",3:54pm → 4:00pm,Expired,"$1,389",$111
SPX,Short Put Spread,PUT,"3,930","3,935",P,"Dec 9, 2022",3:54pm → 3:57pm,Touch,"$1,432",$36
SPX,Short Put Spread,PUT,"3,975","3,980",P,"Dec 12, 2022",3:54pm → 4:00pm,Expired,"$1,395",$105
SPX,Short Put Spread,PUT,"4,025","4,030",P,"Dec 13, 2022",3:54pm → 3:55pm,Touch,"$1,440",-$228
SPX,Short Put Spread,PUT,"4,000","4,005",P,"Dec 14, 2022",3:54pm → 3:55pm,Touch,"$1,200",-$315
SPX,Short Put Spread,PUT,"3,885","3,890",P,"Dec 15, 2022",3:54pm → 3:56pm,Touch,"$1,155",-$42
SPX,Short Put Spread,PUT,"3,850","3,855",P,"Dec 16, 2022",3:54pm → 3:59pm,Touch,"$1,179",-$171
SPX,Short Put Spread,PUT,"3,805","3,810",P,"Dec 19, 2022",3:54pm → 4:00pm,Expired,"$1,320",$180
SPX,Short Put Spread,PUT,"3,820","3,825",P,"Dec 20, 2022",3:54pm → 3:55pm,Touch,"$1,266",-$66
SPX,Short Put Spread,PUT,"3,865","3,870",P,"Dec 21, 2022",3:54pm → 4:00pm,Expired,"$1,245",$255
SPX,Short Put Spread,PUT,"3,810","3,815",P,"Dec 22, 2022",3:54pm → 4:00pm,Expired,"$1,392",$108
SPX,Short Put Spread,PUT,"3,835","3,840",P,"Dec 23, 2022",3:54pm → 4:00pm,Expired,"$1,440",$560
SPX,Short Put Spread,PUT,"3,825","3,830",P,"Dec 27, 2022",3:54pm → 3:55pm,Touch,"$1,472",$140
SPX,Short Put Spread,PUT,"3,775","3,780",P,"Dec 28, 2022",3:54pm → 4:00pm,Expired,"$1,359",$141
SPX,Short Put Spread,PUT,"3,845","3,850",P,"Dec 29, 2022",3:54pm → 3:56pm,Touch,"$1,440",-$57
SPX,Short Put Spread,PUT,"3,830","3,835",P,"Dec 30, 2022",3:54pm → 3:56pm,Touch,"$1,320",$21
SPX,Short Put Spread,PUT,"3,815","3,820",P,"Jan 3, 2023",3:54pm → 4:00pm,Expired,"$1,335",$165
SPX,Short Put Spread,PUT,"3,830","3,835",P,"Jan 4, 2023",3:54pm → 4:00pm,Expired,"$1,254",$246
SPX,Short Put Spread,PUT,"3,795","3,800",P,"Jan 5, 2023",3:54pm → 4:00pm,Expired,"$1,365",$135
SPX,Short Put Spread,PUT,"3,885","3,890",P,"Jan 6, 2023",3:54pm → 4:00pm,Expired,"$1,395",$105
SPX,Short Put Spread,PUT,"3,890","3,895",P,"Jan 9, 2023",3:54pm → 3:55pm,Touch,"$1,224",-$33
SPX,Short Put Spread,PUT,"3,905","3,910",P,"Jan 10, 2023",3:54pm → 4:00pm,Expired,"$1,464",$36
SPX,Short Put Spread,PUT,"3,955","3,960",P,"Jan 11, 2023",3:54pm → 4:00pm,Expired,"$1,389",$111
SPX,Short Put Spread,PUT,"3,970","3,975",P,"Jan 12, 2023",3:54pm → 4:00pm,Expired,"$1,356",$144
SPX,Short Put Spread,PUT,"3,990","3,995",P,"Jan 13, 2023",3:54pm → 4:00pm,Expired,"$1,500",$500
SPX,Short Put Spread,PUT,"3,980","3,985",P,"Jan 17, 2023",3:54pm → 3:55pm,Touch,"$1,245",$105
SPX,Short Put Spread,PUT,"3,925","3,930",P,"Jan 18, 2023",3:54pm → 3:55pm,Touch,"$1,200",$60
SPX,Short Put Spread,PUT,"3,895","3,900",P,"Jan 19, 2023",3:54pm → 3:56pm,Touch,"$1,344",-$30
SPX,Short Put Spread,PUT,"3,960","3,965",P,"Jan 20, 2023",3:54pm → 4:00pm,Expired,"$1,386",$114
SPX,Short Put Spread,PUT,"4,010","4,015",P,"Jan 23, 2023",3:54pm → 4:00pm,Expired,"$1,371",$129
SPX,Short Put Spread,PUT,"4,005","4,010",P,"Jan 24, 2023",3:54pm → 4:00pm,Expired,"$1,377",$123
SPX,Short Put Spread,PUT,"4,000","4,005",P,"Jan 25, 2023",3:54pm → 4:00pm,Expired,"$1,179",$321
SPX,Short Put Spread,PUT,"4,045","4,050",P,"Jan 26, 2023",3:54pm → 4:00pm,Expired,"$1,245",$255
SPX,Short Put Spread,PUT,"4,065","4,070",P,"Jan 27, 2023",3:54pm → 3:56pm,Touch,"$1,452",$276
SPX,Short Put Spread,PUT,"4,015","4,020",P,"Jan 30, 2023",3:54pm → 3:55pm,Touch,"$1,179",-$180
SPX,Short Put Spread,PUT,"4,060","4,065",P,"Jan 31, 2023",3:54pm → 4:00pm,Expired,"$1,296",$204
SPX,Short Put Spread,PUT,"4,110","4,115",P,"Feb 1, 2023",3:54pm → 3:55pm,Touch,"$1,240",$20
SPX,Short Put Spread,PUT,"4,165","4,170",P,"Feb 2, 2023",3:54pm → 4:00pm,Expired,"$1,440",$560
SPX,Short Put Spread,PUT,"4,125","4,130",P,"Feb 3, 2023",3:54pm → 4:00pm,Expired,"$1,251",$249
SPX,Short Put Spread,PUT,"4,105","4,110",P,"Feb 6, 2023",3:54pm → 3:56pm,Touch,"$1,245",-$189
SPX,Short Put Spread,PUT,"4,170","4,175",P,"Feb 7, 2023",3:54pm → 3:55pm,Touch,"$1,492",$128
SPX,Short Put Spread,PUT,"4,110","4,115",P,"Feb 8, 2023",3:54pm → 4:00pm,Expired,"$1,254",$246
SPX,Short Put Spread,PUT,"4,085","4,090",P,"Feb 9, 2023",3:54pm → 3:55pm,Touch,"$1,131",-$120
SPX,Short Put Spread,PUT,"4,085","4,090",P,"Feb 10, 2023",3:54pm → 3:55pm,Touch,"$1,287",-$84
SPX,Short Put Spread,PUT,"4,125","4,130",P,"Feb 13, 2023",3:54pm → 3:55pm,Touch,"$1,492",$120
SPX,Short Put Spread,PUT,"4,135","4,140",P,"Feb 14, 2023",3:54pm → 3:57pm,Touch,"$1,254",-$30
SPX,Short Put Spread,PUT,"4,130","4,135",P,"Feb 15, 2023",3:54pm → 4:00pm,Expired,"$1,395",$105
SPX,Short Put Spread,PUT,"4,090","4,095",P,"Feb 16, 2023",3:54pm → 3:55pm,Touch,"$1,314",-$135
SPX,Short Put Spread,PUT,"4,070","4,075",P,"Feb 17, 2023",3:54pm → 3:55pm,Touch,"$1,146",--
SPX,Short Put Spread,PUT,"3,990","3,995",P,"Feb 21, 2023",3:54pm → 3:59pm,Touch,"$1,221",$129
SPX,Short Put Spread,PUT,"3,980","3,985",P,"Feb 22, 2023",3:54pm → 3:55pm,Touch,"$1,380",$44
SPX,Short Put Spread,PUT,"4,005","4,010",P,"Feb 23, 2023",3:54pm → 3:55pm,Touch,"$1,254",-$66
SPX,Short Put Spread,PUT,"3,955","3,960",P,"Feb 24, 2023",3:54pm → 4:00pm,Expired,"$1,320",$680
SPX,Short Put Spread,PUT,"3,975","3,980",P,"Feb 27, 2023",3:54pm → 3:55pm,Touch,"$1,468",$124
SPX,Short Put Spread,PUT,"3,970","3,975",P,"Feb 28, 2023",3:54pm → 3:55pm,Touch,"$1,353",-$87
SPX,Short Put Spread,PUT,"3,945","3,950",P,"Mar 1, 2023",3:54pm → 3:55pm,Touch,"$1,215",$15
SPX,Short Put Spread,PUT,"3,970","3,975",P,"Mar 2, 2023",3:54pm → 4:00pm,Expired,"$1,404",$96
SPX,Short Put Spread,PUT,"4,035","4,040",P,"Mar 3, 2023",3:54pm → 4:00pm,Expired,"$1,305",$195
SPX,Short Put Spread,PUT,"4,045","4,050",P,"Mar 6, 2023",3:54pm → 3:55pm,Touch,"$1,492",-$100
SPX,Short Put Spread,PUT,"3,980","3,985",P,"Mar 7, 2023",3:54pm → 3:55pm,Touch,"$1,290",-$135
SPX,Short Put Spread,PUT,"3,985","3,990",P,"Mar 8, 2023",3:54pm → 3:55pm,Touch,"$1,221",$48
SPX,Short Put Spread,PUT,"3,920","3,925",P,"Mar 9, 2023",3:54pm → 3:56pm,Touch,"$1,134",-$423
SPX,Short Put Spread,PUT,"3,850","3,855",P,"Mar 10, 2023",3:54pm → 3:55pm,Touch,"$1,254",-$135
SPX,Short Put Spread,PUT,"3,855","3,860",P,"Mar 13, 2023",3:54pm → 3:55pm,Touch,"$1,440",-$148
SPX,Short Put Spread,PUT,"3,895","3,900",P,"Mar 14, 2023",3:54pm → 4:00pm,Expired,"$1,200",$300
SPX,Short Put Spread,PUT,"3,860","3,865",P,"Mar 15, 2023",3:54pm → 4:00pm,Expired,"$1,179",$321
SPX,Short Put Spread,PUT,"3,950","3,955",P,"Mar 16, 2023",3:54pm → 3:56pm,Touch,"$1,275",-$240
SPX,Short Put Spread,PUT,"3,910","3,915",P,"Mar 17, 2023",3:54pm → 3:57pm,Touch,"$1,480",-$108
SPX,Short Put Spread,PUT,"3,945","3,950",P,"Mar 20, 2023",3:54pm → 3:56pm,Touch,"$1,320",-$231
SPX,Short Put Spread,PUT,"4,000","4,005",P,"Mar 21, 2023",3:54pm → 3:55pm,Touch,"$1,254",-$45
SPX,Short Put Spread,PUT,"3,945","3,950",P,"Mar 22, 2023",3:54pm → 3:55pm,Touch,"$1,176",-$147
SPX,Short Put Spread,PUT,"3,950","3,955",P,"Mar 23, 2023",3:54pm → 3:55pm,Touch,"$1,392",-$52
SPX,Short Put Spread,PUT,"3,955","3,960",P,"Mar 24, 2023",3:54pm → 3:55pm,Touch,"$1,492",$36
SPX,Short Put Spread,PUT,"3,975","3,980",P,"Mar 27, 2023",3:54pm → 3:56pm,Touch,"$1,320",-$360
SPX,Short Put Spread,PUT,"3,960","3,965",P,"Mar 28, 2023",3:54pm → 4:00pm,Expired,"$1,401",$99
SPX,Short Put Spread,PUT,"4,020","4,025",P,"Mar 29, 2023",3:54pm → 3:56pm,Touch,"$1,428",-$54
SPX,Short Put Spread,PUT,"4,040","4,045",P,"Mar 30, 2023",3:54pm → 4:00pm,Expired,"$1,410",$90
SPX,Short Put Spread,PUT,"4,090","4,095",P,"Mar 31, 2023",3:54pm → 4:00pm,Expired,"$1,464",$536
SPX,Short Put Spread,PUT,"4,115","4,120",P,"Apr 3, 2023",3:54pm → 4:00pm,Expired,"$1,245",$255
SPX,Short Put Spread,PUT,"4,090","4,095",P,"Apr 4, 2023",3:54pm → 4:00pm,Expired,"$1,281",$219
SPX,Short Put Spread,PUT,"4,085","4,090",P,"Apr 5, 2023",3:54pm → 3:55pm,Touch,"$1,191",$93
SPX,Short Put Spread,PUT,"4,095","4,100",P,"Apr 6, 2023",3:54pm → 3:55pm,Touch,"$1,284",$30
SPX,Short Put Spread,PUT,"4,095","4,100",P,"Apr 10, 2023",3:54pm → 4:00pm,Expired,"$1,458",$42
SPX,Short Put Spread,PUT,"4,100","4,105",P,"Apr 11, 2023",3:54pm → 3:57pm,Touch,"$1,320",-$24
SPX,Short Put Spread,PUT,"4,085","4,090",P,"Apr 12, 2023",3:54pm → 3:55pm,Touch,"$1,500",-$20
SPX,Short Put Spread,PUT,"4,140","4,145",P,"Apr 13, 2023",3:54pm → 3:55pm,Touch,"$1,245",-$81
SPX,Short Put Spread,PUT,"4,130","4,135",P,"Apr 14, 2023",3:54pm → 3:55pm,Touch,"$1,236",-$42
SPX,Short Put Spread,PUT,"4,140","4,145",P,"Apr 17, 2023",3:54pm → 4:00pm,Expired,"$1,458",$42
SPX,Short Put Spread,PUT,"4,145","4,150",P,"Apr 18, 2023",3:54pm → 4:00pm,Expired,"$1,389",$111
SPX,Short Put Spread,PUT,"4,145","4,150",P,"Apr 19, 2023",3:54pm → 3:55pm,Touch,"$1,365",-$21
SPX,Short Put Spread,PUT,"4,115","4,120",P,"Apr 20, 2023",3:54pm → 4:00pm,Expired,"$1,359",$141
SPX,Short Put Spread,PUT,"4,125","4,130",P,"Apr 21, 2023",3:54pm → 4:00pm,Expired,"$1,359",$141
SPX,Short Put Spread,PUT,"4,130","4,135",P,"Apr 24, 2023",3:54pm → 3:55pm,Touch,"$1,266",-$81
SPX,Short Put Spread,PUT,"4,065","4,070",P,"Apr 25, 2023",3:54pm → 4:00pm,Expired,"$1,386",$114
SPX,Short Put Spread,PUT,"4,045","4,050",P,"Apr 26, 2023",3:54pm → 4:00pm,Expired,"$1,332",$168
SPX,Short Put Spread,PUT,"4,130","4,135",P,"Apr 27, 2023",3:54pm → 3:55pm,Touch,"$1,305",-$123
SPX,Short Put Spread,PUT,"4,155","4,160",P,"Apr 28, 2023",3:54pm → 4:00pm,Expired,"$1,305",$195
SPX,Short Put Spread,PUT,"4,160","4,165",P,"May 1, 2023",3:54pm → 4:00pm,Expired,"$1,440",$60
SPX,Short Put Spread,PUT,"4,115","4,120",P,"May 2, 2023",3:54pm → 3:56pm,Touch,"$1,296",-$45
SPX,Short Put Spread,PUT,"4,085","4,090",P,"May 3, 2023",3:54pm → 3:58pm,Touch,"$1,500",$16
SPX,Short Put Spread,PUT,"4,055","4,060",P,"May 4, 2023",3:54pm → 3:55pm,Touch,"$1,311",-$141
SPX,Short Put Spread,PUT,"4,130","4,135",P,"May 5, 2023",3:54pm → 3:55pm,Touch,"$1,131",$30
SPX,Short Put Spread,PUT,"4,130","4,135",P,"May 8, 2023",3:54pm → 3:57pm,Touch,"$1,419",$21
SPX,Short Put Spread,PUT,"4,115","4,120",P,"May 9, 2023",3:54pm → 3:55pm,Touch,"$1,404",-$15
SPX,Short Put Spread,PUT,"4,130","4,135",P,"May 10, 2023",3:54pm → 3:56pm,Touch,"$1,389",-$90
SPX,Short Put Spread,PUT,"4,120","4,125",P,"May 11, 2023",3:54pm → 4:00pm,Expired,"$1,383",$117
SPX,Short Put Spread,PUT,"4,115","4,120",P,"May 12, 2023",3:54pm → 4:00pm,Expired,"$1,281",$219
SPX,Short Put Spread,PUT,"4,125","4,130",P,"May 15, 2023",3:54pm → 4:00pm,Expired,"$1,488",$12
SPX,Short Put Spread,PUT,"4,105","4,110",P,"May 16, 2023",3:54pm → 3:55pm,Touch,"$1,296",-$72
SPX,Short Put Spread,PUT,"4,150","4,155",P,"May 17, 2023",3:54pm → 3:59pm,Touch,"$1,419",$12
SPX,Short Put Spread,PUT,"4,190","4,195",P,"May 18, 2023",3:54pm → 4:00pm,Expired,"$1,419",$81
SPX,Short Put Spread,PUT,"4,185","4,190",P,"May 19, 2023",3:54pm → 4:00pm,Expired,"$1,410",$90
SPX,Short Put Spread,PUT,"4,185","4,190",P,"May 22, 2023",3:54pm → 3:57pm,Touch,"$1,440",-$30
SPX,Short Put Spread,PUT,"4,140","4,145",P,"May 23, 2023",3:54pm → 3:58pm,Touch,"$1,404",-$36
SPX,Short Put Spread,PUT,"4,105","4,110",P,"May 24, 2023",3:54pm → 4:00pm,Expired,"$1,404",$96
SPX,Short Put Spread,PUT,"4,145","4,150",P,"May 25, 2023",3:54pm → 3:56pm,Touch,"$1,341",-$51
SPX,Short Put Spread,PUT,"4,195","4,200",P,"May 26, 2023",3:54pm → 4:00pm,Expired,"$1,425",$75
SPX,Short Put Spread,PUT,"4,195","4,200",P,"May 30, 2023",3:54pm → 3:55pm,Touch,"$1,353",-$33
SPX,Short Put Spread,PUT,"4,175","4,180",P,"May 31, 2023",3:54pm → 3:57pm,Touch,"$1,365",-$99
SPX,Short Put Spread,PUT,"4,210","4,215",P,"Jun 1, 2023",3:54pm → 4:00pm,Expired,"$1,338",$162
SPX,Short Put Spread,PUT,"4,280","4,285",P,"Jun 2, 2023",3:54pm → 3:55pm,Touch,"$1,140",-$15
SPX,Short Put Spread,PUT,"4,270","4,275",P,"Jun 5, 2023",3:54pm → 3:55pm,Touch,"$1,434",-$168
SPX,Short Put Spread,PUT,"4,275","4,280",P,"Jun 6, 2023",3:54pm → 4:00pm,Expired,"$1,458",$42
SPX,Short Put Spread,PUT,"4,265","4,270",P,"Jun 7, 2023",3:54pm → 3:55pm,Touch,"$1,290",-$525
SPX,Short Put Spread,PUT,"4,285","4,290",P,"Jun 8, 2023",3:54pm → 4:00pm,Expired,"$1,458",$42
SPX,Short Put Spread,PUT,"4,290","4,295",P,"Jun 9, 2023",3:54pm → 4:00pm,Expired,"$1,473",$27
SPX,Short Put Spread,PUT,"4,330","4,335",P,"Jun 12, 2023",3:54pm → 3:55pm,Touch,"$1,329",-$72
SPX,Short Put Spread,PUT,"4,360","4,365",P,"Jun 13, 2023",3:54pm → 3:58pm,Touch,"$1,365",$39
SPX,Short Put Spread,PUT,"4,350","4,355",P,"Jun 14, 2023",3:54pm → 4:00pm,Expired,"$1,320",$180
SPX,Short Put Spread,PUT,"4,425","4,430",P,"Jun 15, 2023",3:54pm → 3:55pm,Touch,"$1,281",-$231
SPX,Short Put Spread,PUT,"4,405","4,410",P,"Jun 16, 2023",3:54pm → 3:55pm,Touch,"$1,281",-$15
SPX,Short Put Spread,PUT,"4,385","4,390",P,"Jun 20, 2023",3:54pm → 3:55pm,Touch,"$1,455",-$75
SPX,Short Put Spread,PUT,"4,360","4,365",P,"Jun 21, 2023",3:54pm → 3:58pm,Touch,"$1,458",-$54
SPX,Short Put Spread,PUT,"4,370","4,375",P,"Jun 22, 2023",3:54pm → 4:00pm,Expired,"$1,383",$117
SPX,Short Put Spread,PUT,"4,345","4,350",P,"Jun 23, 2023",3:54pm → 3:55pm,Touch,"$1,380",-$132
SPX,Short Put Spread,PUT,"4,325","4,330",P,"Jun 26, 2023",3:54pm → 3:57pm,Touch,"$1,371",-$93
SPX,Short Put Spread,PUT,"4,375","4,380",P,"Jun 27, 2023",3:54pm → 3:55pm,Touch,"$1,320",-$138
SPX,Short Put Spread,PUT,"4,365","4,370",P,"Jun 28, 2023",3:54pm → 3:55pm,Touch,"$1,416",-$117
SPX,Short Put Spread,PUT,"4,385","4,390",P,"Jun 29, 2023",3:54pm → 4:00pm,Expired,"$1,455",$45
SPX,Short Put Spread,PUT,"4,450","4,455",P,"Jun 30, 2023",3:54pm → 3:56pm,Touch,"$1,452",$80
SPX,Short Put Spread,PUT,"4,440","4,445",P,"Jul 5, 2023",3:54pm → 4:00pm,Expired,"$1,473",$27
SPX,Short Put Spread,PUT,"4,405","4,410",P,"Jul 6, 2023",3:54pm → 3:55pm,Touch,"$1,239",-$24
SPX,Short Put Spread,PUT,"4,395","4,400",P,"Jul 7, 2023",3:54pm → 3:55pm,Touch,"$1,293",-$12
SPX,Short Put Spread,PUT,"4,395","4,400",P,"Jul 10, 2023",3:54pm → 4:00pm,Expired,"$1,440",$60
SPX,Short Put Spread,PUT,"4,430","4,435",P,"Jul 11, 2023",3:54pm → 4:00pm,Expired,"$1,386",$114
SPX,Short Put Spread,PUT,"4,465","4,470",P,"Jul 12, 2023",3:54pm → 3:56pm,Touch,"$1,329",-$90
SPX,Short Put Spread,PUT,"4,505","4,510",P,"Jul 13, 2023",3:54pm → 3:56pm,Touch,"$1,305",-$21
SPX,Short Put Spread,PUT,"4,495","4,500",P,"Jul 14, 2023",3:54pm → 3:58pm,Touch,"$1,410",-$60
SPX,Short Put Spread,PUT,"4,520","4,525",P,"Jul 17, 2023",3:54pm → 3:55pm,Touch,"$1,167",$117
SPX,Short Put Spread,PUT,"4,555","4,560",P,"Jul 18, 2023",3:54pm → 3:55pm,Touch,"$1,281",-$291
SPX,Short Put Spread,PUT,"4,560","4,565",P,"Jul 19, 2023",3:54pm → 3:58pm,Touch,"$1,410",-$21
SPX,Short Put Spread,PUT,"4,530","4,535",P,"Jul 20, 2023",3:54pm → 3:55pm,Touch,"$1,269",-$123
SPX,Short Put Spread,PUT,"4,530","4,535",P,"Jul 21, 2023",3:54pm → 4:00pm,Expired,"$1,320",$180
SPX,Short Put Spread,PUT,"4,545","4,550",P,"Jul 24, 2023",3:54pm → 3:55pm,Touch,"$1,329",-$15
SPX,Short Put Spread,PUT,"4,565","4,570",P,"Jul 25, 2023",3:54pm → 3:55pm,Touch,"$1,440",-$75
SPX,Short Put Spread,PUT,"4,555","4,560",P,"Jul 26, 2023",3:54pm → 3:55pm,Touch,"$1,185",$75
SPX,Short Put Spread,PUT,"4,530","4,535",P,"Jul 27, 2023",3:54pm → 3:55pm,Touch,"$1,275",$48
SPX,Short Put Spread,PUT,"4,575","4,580",P,"Jul 28, 2023",3:54pm → 3:56pm,Touch,"$1,404",-$51
SPX,Short Put Spread,PUT,"4,575","4,580",P,"Jul 31, 2023",3:54pm → 3:55pm,Touch,"$1,206",-$15
SPX,Short Put Spread,PUT,"4,575","4,580",P,"Aug 1, 2023",3:54pm → 3:55pm,Touch,"$1,281",-$51
SPX,Short Put Spread,PUT,"4,510","4,515",P,"Aug 2, 2023",3:54pm → 3:55pm,Touch,"$1,233",-$66
SPX,Short Put Spread,PUT,"4,500","4,505",P,"Aug 3, 2023",3:54pm → 3:55pm,Touch,"$1,176",-$21
SPX,Short Put Spread,PUT,"4,470","4,475",P,"Aug 4, 2023",3:54pm → 3:55pm,Touch,"$1,314",-$288
SPX,Short Put Spread,PUT,"4,510","4,515",P,"Aug 7, 2023",3:54pm → 3:55pm,Touch,"$1,281",-$57
SPX,Short Put Spread,PUT,"4,495","4,500",P,"Aug 8, 2023",3:54pm → 3:55pm,Touch,"$1,140",-$111
SPX,Short Put Spread,PUT,"4,465","4,470",P,"Aug 9, 2023",3:54pm → 3:55pm,Touch,"$1,146",$33
SPX,Short Put Spread,PUT,"4,460","4,465",P,"Aug 10, 2023",3:54pm → 4:00pm,Expired,"$1,260",$240
SPX,Short Put Spread,PUT,"4,460","4,465",P,"Aug 11, 2023",3:54pm → 3:55pm,Touch,"$1,158",-$213
SPX,Short Put Spread,PUT,"4,475","4,480",P,"Aug 14, 2023",3:54pm → 4:00pm,Expired,"$1,320",$180
SPX,Short Put Spread,PUT,"4,430","4,435",P,"Aug 15, 2023",3:54pm → 4:00pm,Expired,"$1,314",$186
SPX,Short Put Spread,PUT,"4,400","4,405",P,"Aug 16, 2023",3:54pm → 3:57pm,Touch,"$1,329",-$51
SPX,Short Put Spread,PUT,"4,370","4,375",P,"Aug 17, 2023",3:54pm → 3:57pm,Touch,"$1,408",$200
SPX,Short Put Spread,PUT,"4,365","4,370",P,"Aug 18, 2023",3:54pm → 3:55pm,Touch,"$1,215",-$195
SPX,Short Put Spread,PUT,"4,395","4,400",P,"Aug 21, 2023",3:54pm → 3:57pm,Touch,"$1,404",-$45
SPX,Short Put Spread,PUT,"4,380","4,385",P,"Aug 22, 2023",3:54pm → 3:55pm,Touch,"$1,290",-$69
SPX,Short Put Spread,PUT,"4,425","4,430",P,"Aug 23, 2023",3:54pm → 3:56pm,Touch,"$1,422",-$66
SPX,Short Put Spread,PUT,"4,375","4,380",P,"Aug 24, 2023",3:54pm → 3:55pm,Touch,"$1,269",$21
SPX,Short Put Spread,PUT,"4,395","4,400",P,"Aug 25, 2023",3:54pm → 4:00pm,Expired,"$1,269",$231
SPX,Short Put Spread,PUT,"4,425","4,430",P,"Aug 28, 2023",3:54pm → 3:55pm,Touch,"$1,245",-$69
SPX,Short Put Spread,PUT,"4,490","4,495",P,"Aug 29, 2023",3:54pm → 3:55pm,Touch,"$1,254",-$9
SPX,Short Put Spread,PUT,"4,505","4,510",P,"Aug 30, 2023",3:54pm → 3:55pm,Touch,"$1,326",-$15
SPX,Short Put Spread,PUT,"4,505","4,510",P,"Aug 31, 2023",3:54pm → 3:57pm,Touch,"$1,416",-$177
SPX,Short Put Spread,PUT,"4,505","4,510",P,"Sep 1, 2023",3:54pm → 4:00pm,Expired,"$1,404",$96
SPX,Short Put Spread,PUT,"4,490","4,495",P,"Sep 5, 2023",3:54pm → 4:00pm,Expired,"$1,473",$27
SPX,Short Put Spread,PUT,"4,455","4,460",P,"Sep 6, 2023",3:54pm → 4:00pm,Expired,"$1,239",$261
SPX,Short Put Spread,PUT,"4,445","4,450",P,"Sep 7, 2023",3:54pm → 3:56pm,Touch,"$1,281",-$75
SPX,Short Put Spread,PUT,"4,445","4,450",P,"Sep 8, 2023",3:54pm → 4:00pm,Expired,"$1,389",$111
SPX,Short Put Spread,PUT,"4,475","4,480",P,"Sep 11, 2023",3:54pm → 4:00pm,Expired,"$1,473",$27
SPX,Short Put Spread,PUT,"4,455","4,460",P,"Sep 12, 2023",3:54pm → 3:58pm,Touch,"$1,440",-$51
SPX,Short Put Spread,PUT,"4,460","4,465",P,"Sep 13, 2023",3:54pm → 3:55pm,Touch,"$1,275",$75
SPX,Short Put Spread,PUT,"4,500","4,505",P,"Sep 14, 2023",3:54pm → 3:55pm,Touch,"$1,245",-$105
SPX,Short Put Spread,PUT,"4,440","4,445",P,"Sep 15, 2023",3:54pm → 4:00pm,Expired,"$1,383",$117
SPX,Short Put Spread,PUT,"4,445","4,450",P,"Sep 18, 2023",3:54pm → 3:55pm,Touch,"$1,269",-$9
SPX,Short Put Spread,PUT,"4,440","4,445",P,"Sep 19, 2023",3:54pm → 3:55pm,Touch,"$1,359",-$135
SPX,Short Put Spread,PUT,"4,405","4,410",P,"Sep 20, 2023",3:54pm → 3:55pm,Touch,"$1,170",-$300
SPX,Short Put Spread,PUT,"4,325","4,330",P,"Sep 21, 2023",3:54pm → 4:00pm,Expired,"$1,350",$150
SPX,Short Put Spread,PUT,"4,310","4,315",P,"Sep 22, 2023",3:54pm → 4:00pm,Expired,"$1,338",$162
SPX,Short Put Spread,PUT,"4,320","4,325",P,"Sep 25, 2023",3:54pm → 4:00pm,Expired,"$1,278",$222
SPX,Short Put Spread,PUT,"4,265","4,270",P,"Sep 26, 2023",3:54pm → 4:00pm,Expired,"$1,335",$165
SPX,Short Put Spread,PUT,"4,265","4,270",P,"Sep 27, 2023",3:54pm → 4:00pm,Expired,"$1,260",$240
SPX,Short Put Spread,PUT,"4,290","4,295",P,"Sep 28, 2023",3:54pm → 4:00pm,Expired,"$1,266",$234
SPX,Short Put Spread,PUT,"4,290","4,295",P,"Sep 29, 2023",3:54pm → 3:55pm,Touch,"$1,155",-$255
SPX,Short Put Spread,PUT,"4,270","4,275",P,"Oct 2, 2023",3:54pm → 4:00pm,Expired,"$1,239",$261
SPX,Short Put Spread,PUT,"4,220","4,225",P,"Oct 3, 2023",3:54pm → 3:55pm,Touch,"$1,209",-$144
SPX,Short Put Spread,PUT,"4,255","4,260",P,"Oct 4, 2023",3:54pm → 4:00pm,Expired,"$1,305",$195
SPX,Short Put Spread,PUT,"4,255","4,260",P,"Oct 5, 2023",3:54pm → 3:55pm,Touch,"$1,408",-$80
SPX,Short Put Spread,PUT,"4,305","4,310",P,"Oct 6, 2023",3:54pm → 3:55pm,Touch,"$1,191",-$171
SPX,Short Put Spread,PUT,"4,325","4,330",P,"Oct 9, 2023",3:54pm → 4:00pm,Expired,"$1,311",$189
SPX,Short Put Spread,PUT,"4,350","4,355",P,"Oct 10, 2023",3:54pm → 4:00pm,Expired,"$1,329",$171
SPX,Short Put Spread,PUT,"4,370","4,375",P,"Oct 11, 2023",3:54pm → 3:55pm,Touch,"$1,272",-$15
SPX,Short Put Spread,PUT,"4,340","4,345",P,"Oct 12, 2023",3:54pm → 4:00pm,Expired,"$1,422",$78
SPX,Short Put Spread,PUT,"4,320","4,325",P,"Oct 13, 2023",3:54pm → 3:56pm,Touch,"$1,200",$45
SPX,Short Put Spread,PUT,"4,370","4,375",P,"Oct 16, 2023",3:54pm → 4:00pm,Expired,"$1,140",-$51
SPX,Short Put Spread,PUT,"4,360","4,365",P,"Oct 17, 2023",3:54pm → 4:00pm,Expired,"$1,305",$195
SPX,Short Put Spread,PUT,"4,305","4,310",P,"Oct 18, 2023",3:54pm → 4:00pm,Expired,"$1,496",$504
SPX,Short Put Spread,PUT,"4,275","4,280",P,"Oct 19, 2023",3:54pm → 3:56pm,Touch,"$1,194",-$33
SPX,Short Put Spread,PUT,"4,215","4,220",P,"Oct 20, 2023",3:54pm → 4:00pm,Expired,"$1,350",$150
SPX,Short Put Spread,PUT,"4,210","4,215",P,"Oct 23, 2023",3:54pm → 3:55pm,Touch,"$1,245",-$9
SPX,Short Put Spread,PUT,"4,240","4,245",P,"Oct 24, 2023",3:54pm → 4:00pm,Expired,"$1,410",$90
SPX,Short Put Spread,PUT,"4,180","4,185",P,"Oct 25, 2023",3:54pm → 3:56pm,Touch,"$1,305",-$117
SPX,Short Put Spread,PUT,"4,135","4,140",P,"Oct 26, 2023",3:54pm → 3:55pm,Touch,"$1,227",-$396
SPX,Short Put Spread,PUT,"4,105","4,110",P,"Oct 27, 2023",3:54pm → 3:57pm,Touch,"$1,188",$57
SPX,Short Put Spread,PUT,"4,165","4,170",P,"Oct 30, 2023",3:54pm → 3:55pm,Touch,"$1,251",$9
SPX,Short Put Spread,PUT,"4,185","4,190",P,"Oct 31, 2023",3:54pm → 4:00pm,Expired,"$1,227",$273
SPX,Short Put Spread,PUT,"4,230","4,235",P,"Nov 1, 2023",3:54pm → 4:00pm,Expired,"$1,365",$135
SPX,Short Put Spread,PUT,"4,310","4,315",P,"Nov 2, 2023",3:54pm → 3:58pm,Touch,"$1,455",--
SPX,Short Put Spread,PUT,"4,355","4,360",P,"Nov 3, 2023",3:54pm → 3:55pm,Touch,"$1,377",-$102
SPX,Short Put Spread,PUT,"4,355","4,360",P,"Nov 6, 2023",3:54pm → 3:55pm,Touch,"$1,368",$21
SPX,Short Put Spread,PUT,"4,370","4,375",P,"Nov 7, 2023",3:54pm → 3:55pm,Touch,"$1,410",-$99
SPX,Short Put Spread,PUT,"4,375","4,380",P,"Nov 8, 2023",3:54pm → 4:00pm,Expired,"$1,440",$60
SPX,Short Put Spread,PUT,"4,340","4,345",P,"Nov 9, 2023",3:54pm → 3:55pm,Touch,"$1,167",-$3
SPX,Short Put Spread,PUT,"4,410","4,415",P,"Nov 10, 2023",3:54pm → 3:55pm,Touch,"$1,428",-$132
SPX,Short Put Spread,PUT,"4,405","4,410",P,"Nov 13, 2023",3:54pm → 3:55pm,Touch,"$1,389",-$9
SPX,Short Put Spread,PUT,"4,485","4,490",P,"Nov 14, 2023",3:54pm → 4:00pm,Expired,"$1,422",$78
SPX,Short Put Spread,PUT,"4,495","4,500",P,"Nov 15, 2023",3:54pm → 3:55pm,Touch,"$1,353",-$102
SPX,Short Put Spread,PUT,"4,500","4,505",P,"Nov 16, 2023",3:54pm → 3:55pm,Touch,"$1,236",-$6
SPX,Short Put Spread,PUT,"4,505","4,510",P,"Nov 17, 2023",3:54pm → 4:00pm,Expired,"$1,428",$72
SPX,Short Put Spread,PUT,"4,540","4,545",P,"Nov 20, 2023",3:54pm → 3:55pm,Touch,"$1,389",-$33
SPX,Short Put Spread,PUT,"4,530","4,535",P,"Nov 21, 2023",3:54pm → 4:00pm,Expired,"$1,449",$51
SPX,Short Put Spread,PUT,"4,550","4,555",P,"Nov 22, 2023",3:54pm → 3:55pm,Touch,"$1,329",$45
SPX,Short Put Spread,PUT,"4,545","4,550",P,"Nov 27, 2023",3:54pm → 3:55pm,Touch,"$1,485",-$90
SPX,Short Put Spread,PUT,"4,545","4,550",P,"Nov 28, 2023",3:54pm → 4:00pm,Expired,"$1,356",$144
SPX,Short Put Spread,PUT,"4,545","4,550",P,"Nov 29, 2023",3:54pm → 3:55pm,Touch,"$1,218",$21
SPX,Short Put Spread,PUT,"4,555","4,560",P,"Nov 30, 2023",3:54pm → 4:00pm,Expired,"$1,380",$120
SPX,Short Put Spread,PUT,"4,585","4,590",P,"Dec 1, 2023",3:54pm → 3:55pm,Touch,"$1,326",-$237
SPX,Short Put Spread,PUT,"4,565","4,570",P,"Dec 4, 2023",3:54pm → 3:55pm,Touch,"$1,365",-$201
SPX,Short Put Spread,PUT,"4,560","4,565",P,"Dec 5, 2023",3:54pm → 3:55pm,Touch,"$1,281",-$51
SPX,Short Put Spread,PUT,"4,540","4,545",P,"Dec 6, 2023",3:54pm → 3:58pm,Touch,"$1,296",$99
SPX,Short Put Spread,PUT,"4,575","4,580",P,"Dec 7, 2023",3:54pm → 4:00pm,Expired,"$1,440",$60
SPX,Short Put Spread,PUT,"4,600","4,605",P,"Dec 8, 2023",3:54pm → 3:55pm,Touch,"$1,353",-$24
SPX,Short Put Spread,PUT,"4,610","4,615",P,"Dec 11, 2023",3:54pm → 4:00pm,Expired,"$1,485",$15
SPX,Short Put Spread,PUT,"4,630","4,635",P,"Dec 12, 2023",3:54pm → 4:00pm,Expired,"$1,473",$27
SPX,Short Put Spread,PUT,"4,690","4,695",P,"Dec 13, 2023",3:54pm → 4:00pm,Expired,"$1,317",$183
SPX,Short Put Spread,PUT,"4,710","4,715",P,"Dec 14, 2023",3:54pm → 3:55pm,Touch,"$1,281",-$120
SPX,Short Put Spread,PUT,"4,715","4,720",P,"Dec 15, 2023",3:54pm → 3:58pm,Touch,"$1,290",$36
SPX,Short Put Spread,PUT,"4,735","4,740",P,"Dec 18, 2023",3:54pm → 3:57pm,Touch,"$1,473",-$114
SPX,Short Put Spread,PUT,"4,755","4,760",P,"Dec 19, 2023",3:54pm → 4:00pm,Expired,"$1,440",$60
SPX,Short Put Spread,PUT,"4,700","4,705",P,"Dec 20, 2023",3:54pm → 3:57pm,Touch,"$1,374",-$225
SPX,Short Put Spread,PUT,"4,740","4,745",P,"Dec 21, 2023",3:54pm → 3:55pm,Touch,"$1,260",-$81
SPX,Short Put Spread,PUT,"4,750","4,755",P,"Dec 22, 2023",3:54pm → 3:55pm,Touch,"$1,432",$8
SPX,Short Put Spread,PUT,"4,765","4,770",P,"Dec 26, 2023",3:54pm → 4:00pm,Expired,"$1,434",$66
SPX,Short Put Spread,PUT,"4,765","4,770",P,"Dec 27, 2023",3:54pm → 4:00pm,Expired,"$1,440",$60
SPX,Short Put Spread,PUT,"4,780","4,785",P,"Dec 28, 2023",3:54pm → 3:55pm,Touch,"$1,170",-$231
SPX,Short Put Spread,PUT,"4,765","4,770",P,"Dec 29, 2023",3:54pm → 3:55pm,Touch,"$1,392",-$592
SPX,Short Put Spread,PUT,"4,730","4,735",P,"Jan 2, 2024",3:54pm → 3:55pm,Touch,"$1,389",-$30
SPX,Short Put Spread,PUT,"4,695","4,700",P,"Jan 3, 2024",3:54pm → 3:55pm,Touch,"$1,188",$78
SPX,Short Put Spread,PUT,"4,680","4,685",P,"Jan 4, 2024",3:54pm → 4:00pm,Expired,"$1,395",$105
SPX,Short Put Spread,PUT,"4,690","4,695",P,"Jan 5, 2024",3:54pm → 3:58pm,Touch,"$1,179",$255
SPX,Short Put Spread,PUT,"4,755","4,760",P,"Jan 8, 2024",3:54pm → 4:00pm,Expired,"$1,311",$189
SPX,Short Put Spread,PUT,"4,745","4,750",P,"Jan 9, 2024",3:54pm → 4:00pm,Expired,"$1,428",$72
SPX,Short Put Spread,PUT,"4,770","4,775",P,"Jan 10, 2024",3:54pm → 4:00pm,Expired,"$1,185",$315
SPX,Short Put Spread,PUT,"4,770","4,775",P,"Jan 11, 2024",3:54pm → 4:00pm,Expired,"$1,128",$372
SPX,Short Put Spread,PUT,"4,775","4,780",P,"Jan 12, 2024",3:54pm → 4:00pm,Expired,"$1,266",$234
SPX,Short Put Spread,PUT,"4,750","4,755",P,"Jan 16, 2024",3:54pm → 4:00pm,Expired,"$1,455",$45
SPX,Short Put Spread,PUT,"4,730","4,735",P,"Jan 17, 2024",3:54pm → 4:00pm,Expired,"$1,407",$93
SPX,Short Put Spread,PUT,"4,775","4,780",P,"Jan 18, 2024",3:54pm → 3:55pm,Touch,"$1,371",-$99
SPX,Short Put Spread,PUT,"4,830","4,835",P,"Jan 19, 2024",3:54pm → 4:00pm,Expired,"$1,230",$270
SPX,Short Put Spread,PUT,"4,845","4,850",P,"Jan 22, 2024",3:54pm → 3:55pm,Touch,"$1,341",-$75
SPX,Short Put Spread,PUT,"4,855","4,860",P,"Jan 23, 2024",3:54pm → 4:00pm,Expired,"$1,389",$111
SPX,Short Put Spread,PUT,"4,860","4,865",P,"Jan 24, 2024",3:54pm → 4:00pm,Expired,"$1,314",$186
SPX,Short Put Spread,PUT,"4,880","4,885",P,"Jan 25, 2024",3:54pm → 4:00pm,Expired,"$1,365",$135
SPX,Short Put Spread,PUT,"4,880","4,885",P,"Jan 26, 2024",3:54pm → 4:00pm,Expired,"$1,374",$126
SPX,Short Put Spread,PUT,"4,915","4,920",P,"Jan 29, 2024",3:54pm → 3:55pm,Touch,"$1,395",-$30
SPX,Short Put Spread,PUT,"4,915","4,920",P,"Jan 30, 2024",3:54pm → 4:00pm,Expired,"$1,458",$42
SPX,Short Put Spread,PUT,"4,840","4,845",P,"Jan 31, 2024",3:54pm → 4:00pm,Expired,"$1,215",$285
SPX,Short Put Spread,PUT,"4,890","4,895",P,"Feb 1, 2024",3:54pm → 4:00pm,Expired,"$1,341",$159
SPX,Short Put Spread,PUT,"4,960","4,965",P,"Feb 2, 2024",3:54pm → 3:56pm,Touch,"$1,254",-$240
SPX,Short Put Spread,PUT,"4,940","4,945",P,"Feb 5, 2024",3:54pm → 3:58pm,Touch,"$1,221",$153
SPX,Short Put Spread,PUT,"4,940","4,945",P,"Feb 6, 2024",3:54pm → 4:00pm,Expired,"$1,329",$171
SPX,Short Put Spread,PUT,"4,985","4,990",P,"Feb 7, 2024",3:54pm → 3:55pm,Touch,"$1,353",-$96
SPX,Short Put Spread,PUT,"4,990","4,995",P,"Feb 8, 2024",3:54pm → 3:55pm,Touch,"$1,221",-$252
SPX,Short Put Spread,PUT,"5,015","5,020",P,"Feb 9, 2024",3:54pm → 4:00pm,Expired,"$1,440",$60
SPX,Short Put Spread,PUT,"5,020","5,025",P,"Feb 12, 2024",3:54pm → 3:55pm,Touch,"$1,191",-$321
SPX,Short Put Spread,PUT,"4,935","4,940",P,"Feb 13, 2024",3:54pm → 4:00pm,Expired,"$1,326",$174
SPX,Short Put Spread,PUT,"4,990","4,995",P,"Feb 14, 2024",3:54pm → 3:55pm,Touch,"$1,227",-$102
SPX,Short Put Spread,PUT,"5,020","5,025",P,"Feb 15, 2024",3:54pm → 4:00pm,Expired,"$1,344",$156
SPX,Short Put Spread,PUT,"4,995","5,000",P,"Feb 16, 2024",3:54pm → 4:00pm,Expired,"$1,215",$285
SPX,Short Put Spread,PUT,"4,960","4,965",P,"Feb 20, 2024",3:54pm → 4:00pm,Expired,"$1,341",$159
SPX,Short Put Spread,PUT,"4,970","4,975",P,"Feb 21, 2024",3:54pm → 4:00pm,Expired,"$1,281",$219
SPX,Short Put Spread,PUT,"5,080","5,085",P,"Feb 22, 2024",3:54pm → 3:59pm,Touch,"$1,395",$39
SPX,Short Put Spread,PUT,"5,085","5,090",P,"Feb 23, 2024",3:54pm → 4:00pm,Expired,"$1,434",-$294
SPX,Short Put Spread,PUT,"5,065","5,070",P,"Feb 26, 2024",3:54pm → 3:58pm,Touch,"$1,410",-$21
SPX,Short Put Spread,PUT,"5,070","5,075",P,"Feb 27, 2024",3:54pm → 4:00pm,Expired,"$1,410",$90
SPX,Short Put Spread,PUT,"5,055","5,060",P,"Feb 28, 2024",3:54pm → 4:00pm,Expired,"$1,410",$90
SPX,Short Put Spread,PUT,"5,090","5,095",P,"Feb 29, 2024",3:54pm → 3:55pm,Touch,"$1,140",$96
SPX,Short Put Spread,PUT,"5,130","5,135",P,"Mar 1, 2024",3:54pm → 3:55pm,Touch,"$1,317",-$12
SPX,Short Put Spread,PUT,"5,125","5,130",P,"Mar 4, 2024",3:54pm → 3:55pm,Touch,"$1,236",$30
SPX,Short Put Spread,PUT,"5,065","5,070",P,"Mar 5, 2024",3:54pm → 4:00pm,Expired,"$1,407",$93
SPX,Short Put Spread,PUT,"5,095","5,100",P,"Mar 6, 2024",3:54pm → 4:00pm,Expired,"$1,380",$620
SPX,Short Put Spread,PUT,"5,150","5,155",P,"Mar 7, 2024",3:54pm → 3:58pm,Touch,"$1,350",$51
SPX,Short Put Spread,PUT,"5,120","5,125",P,"Mar 8, 2024",3:54pm → 3:56pm,Touch,"$1,140",-$81
SPX,Short Put Spread,PUT,"5,105","5,110",P,"Mar 11, 2024",3:54pm → 4:00pm,Expired,"$1,332",$168
SPX,Short Put Spread,PUT,"5,170","5,175",P,"Mar 12, 2024",3:54pm → 4:00pm,Expired,"$1,299",$201
SPX,Short Put Spread,PUT,"5,155","5,160",P,"Mar 13, 2024",3:54pm → 4:00pm,Expired,"$1,305",$195
SPX,Short Put Spread,PUT,"5,140","5,145",P,"Mar 14, 2024",3:54pm → 3:57pm,Touch,"$1,185",$81
SPX,Short Put Spread,PUT,"5,105","5,110",P,"Mar 15, 2024",3:54pm → 4:00pm,Expired,"$1,272",$228
SPX,Short Put Spread,PUT,"5,145","5,150",P,"Mar 18, 2024",3:54pm → 3:55pm,Touch,"$1,158",-$267
SPX,Short Put Spread,PUT,"5,170","5,175",P,"Mar 19, 2024",3:54pm → 4:00pm,Expired,"$1,434",$66
SPX,Short Put Spread,PUT,"5,210","5,215",P,"Mar 20, 2024",3:54pm → 3:55pm,Touch,"$1,284",-$144
SPX,Short Put Spread,PUT,"5,240","5,245",P,"Mar 21, 2024",3:54pm → 3:55pm,Touch,"$1,161",$15
SPX,Short Put Spread,PUT,"5,235","5,240",P,"Mar 22, 2024",3:54pm → 3:55pm,Touch,"$1,350",-$105
SPX,Short Put Spread,PUT,"5,210","5,215",P,"Mar 25, 2024",3:54pm → 4:00pm,Expired,"$1,473",$27
SPX,Short Put Spread,PUT,"5,205","5,210",P,"Mar 26, 2024",3:54pm → 3:55pm,Touch,"$1,221",$33
SPX,Short Put Spread,PUT,"5,235","5,240",P,"Mar 27, 2024",3:54pm → 4:00pm,Expired,"$1,380",$120
SPX,Short Put Spread,PUT,"5,250","5,255",P,"Mar 28, 2024",3:54pm → 4:00pm,Expired,"$1,140",$165
SPX,Short Put Spread,PUT,"5,235","5,240",P,"Apr 1, 2024",3:54pm → 4:00pm,Expired,"$1,492",$508
SPX,Short Put Spread,PUT,"5,195","5,200",P,"Apr 2, 2024",3:54pm → 4:00pm,Expired,"$1,401",$99
SPX,Short Put Spread,PUT,"5,205","5,210",P,"Apr 3, 2024",3:54pm → 3:56pm,Touch,"$1,407",-$321
SPX,Short Put Spread,PUT,"5,145","5,150",P,"Apr 4, 2024",3:54pm → 3:57pm,Touch,"$1,131",$78
SPX,Short Put Spread,PUT,"5,200","5,205",P,"Apr 5, 2024",3:54pm → 3:57pm,Touch,"$1,185",$30
SPX,Short Put Spread,PUT,"5,195","5,200",P,"Apr 8, 2024",3:54pm → 3:56pm,Touch,"$1,326",-$12
SPX,Short Put Spread,PUT,"5,190","5,195",P,"Apr 9, 2024",3:54pm → 4:00pm,Expired,"$1,206",$294
SPX,Short Put Spread,PUT,"5,155","5,160",P,"Apr 10, 2024",3:54pm → 4:00pm,Expired,"$1,420",$580
SPX,Short Put Spread,PUT,"5,195","5,200",P,"Apr 11, 2024",3:54pm → 3:59pm,Touch,"$1,230",$129
SPX,Short Put Spread,PUT,"5,110","5,115",P,"Apr 12, 2024",3:54pm → 4:00pm,Expired,"$1,480",$520
SPX,Short Put Spread,PUT,"5,055","5,060",P,"Apr 15, 2024",3:54pm → 4:00pm,Expired,"$1,215",$285
SPX,Short Put Spread,PUT,"5,055","5,060",P,"Apr 16, 2024",3:54pm → 3:56pm,Touch,"$1,352",-$64
SPX,Short Put Spread,PUT,"5,025","5,030",P,"Apr 17, 2024",3:54pm → 3:56pm,Touch,"$1,448",-$508
SPX,Short Put Spread,PUT,"5,005","5,010",P,"Apr 18, 2024",3:54pm → 3:55pm,Touch,"$1,215",-$279
SPX,Short Put Spread,PUT,"4,955","4,960",P,"Apr 19, 2024",3:54pm → 4:00pm,Expired,"$1,155",$345
SPX,Short Put Spread,PUT,"5,000","5,005",P,"Apr 22, 2024",3:54pm → 3:59pm,Touch,"$1,224",$48
SPX,Short Put Spread,PUT,"5,065","5,070",P,"Apr 23, 2024",3:54pm → 3:55pm,Touch,"$1,432",$36
SPX,Short Put Spread,PUT,"5,065","5,070",P,"Apr 24, 2024",3:54pm → 4:00pm,Expired,"$1,386",$114
SPX,Short Put Spread,PUT,"5,040","5,045",P,"Apr 25, 2024",3:54pm → 3:56pm,Touch,"$1,492",$148
SPX,Short Put Spread,PUT,"5,095","5,100",P,"Apr 26, 2024",3:54pm → 3:56pm,Touch,"$1,305",-$249
SPX,Short Put Spread,PUT,"5,105","5,110",P,"Apr 29, 2024",3:54pm → 4:00pm,Expired,"$1,492",$508
SPX,Short Put Spread,PUT,"5,045","5,050",P,"Apr 30, 2024",3:54pm → 3:55pm,Touch,"$1,155",-$126
SPX,Short Put Spread,PUT,"5,020","5,025",P,"May 1, 2024",3:54pm → 3:55pm,Touch,"$1,452",-$324
SPX,Short Put Spread,PUT,"5,050","5,055",P,"May 2, 2024",3:54pm → 3:55pm,Touch,"$1,266",-$42
SPX,Short Put Spread,PUT,"5,120","5,125",P,"May 3, 2024",3:54pm → 3:59pm,Touch,"$1,410",-$21
SPX,Short Put Spread,PUT,"5,165","5,170",P,"May 6, 2024",3:54pm → 4:00pm,Expired,"$1,251",$249
SPX,Short Put Spread,PUT,"5,185","5,190",P,"May 7, 2024",3:54pm → 3:55pm,Touch,"$1,215",-$24
SPX,Short Put Spread,PUT,"5,180","5,185",P,"May 8, 2024",3:54pm → 4:00pm,Expired,"$1,434",$66
SPX,Short Put Spread,PUT,"5,205","5,210",P,"May 9, 2024",3:54pm → 3:57pm,Touch,"$1,449",-$36
SPX,Short Put Spread,PUT,"5,215","5,220",P,"May 10, 2024",3:54pm → 4:00pm,Expired,"$1,428",$72
SPX,Short Put Spread,PUT,"5,215","5,220",P,"May 13, 2024",3:54pm → 3:55pm,Touch,"$1,341",-$36
SPX,Short Put Spread,PUT,"5,240","5,245",P,"May 14, 2024",3:54pm → 4:00pm,Expired,"$1,383",$117
SPX,Short Put Spread,PUT,"5,300","5,305",P,"May 15, 2024",3:54pm → 4:00pm,Expired,"$1,341",$159
SPX,Short Put Spread,PUT,"5,300","5,305",P,"May 16, 2024",3:54pm → 3:56pm,Touch,"$1,377",-$393
SPX,Short Put Spread,PUT,"5,295","5,300",P,"May 17, 2024",3:54pm → 3:55pm,Touch,"$1,296",--
SPX,Short Put Spread,PUT,"5,300","5,305",P,"May 20, 2024",3:54pm → 3:56pm,Touch,"$1,317",-$51
SPX,Short Put Spread,PUT,"5,315","5,320",P,"May 21, 2024",3:54pm → 4:00pm,Expired,"$1,326",$174
SPX,Short Put Spread,PUT,"5,285","5,290",P,"May 22, 2024",3:54pm → 4:00pm,Expired,"$1,254",$246
SPX,Short Put Spread,PUT,"5,260","5,265",P,"May 23, 2024",3:54pm → 3:56pm,Touch,"$1,191",-$336
SPX,Short Put Spread,PUT,"5,295","5,300",P,"May 24, 2024",3:54pm → 3:55pm,Touch,"$1,194",$117
SPX,Short Put Spread,PUT,"5,290","5,295",P,"May 28, 2024",3:54pm → 4:00pm,Expired,"$1,428",$72
SPX,Short Put Spread,PUT,"5,260","5,265",P,"May 29, 2024",3:54pm → 3:55pm,Touch,"$1,254",$15
SPX,Short Put Spread,PUT,"5,225","5,230",P,"May 30, 2024",3:54pm → 3:58pm,Touch,"$1,158",$153
SPX,Short Put Spread,PUT,"5,260","5,265",P,"May 31, 2024",3:54pm → 3:55pm,Touch,"$1,179",-$72
SPX,Short Put Spread,PUT,"5,265","5,270",P,"Jun 3, 2024",3:54pm → 4:00pm,Expired,"$1,209",$291
SPX,Short Put Spread,PUT,"5,285","5,290",P,"Jun 4, 2024",3:54pm → 3:55pm,Touch,"$1,452",-$52
SPX,Short Put Spread,PUT,"5,345","5,350",P,"Jun 5, 2024",3:54pm → 3:55pm,Touch,"$1,496",$244
SPX,Short Put Spread,PUT,"5,345","5,350",P,"Jun 6, 2024",3:54pm → 3:55pm,Touch,"$1,224",$48
SPX,Short Put Spread,PUT,"5,340","5,345",P,"Jun 7, 2024",3:54pm → 4:00pm,Expired,"$1,140",$360
SPX,Short Put Spread,PUT,"5,350","5,355",P,"Jun 10, 2024",3:54pm → 4:00pm,Expired,"$1,320",$180
SPX,Short Put Spread,PUT,"5,360","5,365",P,"Jun 11, 2024",3:54pm → 4:00pm,Expired,"$1,410",$90
SPX,Short Put Spread,PUT,"5,415","5,420",P,"Jun 12, 2024",3:54pm → 4:00pm,Expired,"$1,200",$300
SPX,Short Put Spread,PUT,"5,425","5,430",P,"Jun 13, 2024",3:54pm → 4:00pm,Expired,"$1,371",$129
SPX,Short Put Spread,PUT,"5,415","5,420",P,"Jun 14, 2024",3:54pm → 4:00pm,Expired,"$1,371",$129
SPX,Short Put Spread,PUT,"5,470","5,475",P,"Jun 17, 2024",3:54pm → 3:55pm,Touch,"$1,149",$15
SPX,Short Put Spread,PUT,"5,480","5,485",P,"Jun 18, 2024",3:54pm → 3:58pm,Touch,"$1,296",$57
SPX,Short Put Spread,PUT,"5,470","5,475",P,"Jun 20, 2024",3:54pm → 3:56pm,Touch,"$1,290",-$24
SPX,Short Put Spread,PUT,"5,465","5,470",P,"Jun 21, 2024",3:54pm → 3:55pm,Touch,"$1,275",-$126
SPX,Short Put Spread,PUT,"5,450","5,455",P,"Jun 24, 2024",3:54pm → 3:55pm,Touch,"$1,281",--
SPX,Short Put Spread,PUT,"5,460","5,465",P,"Jun 25, 2024",3:54pm → 3:57pm,Touch,"$1,188",$138
SPX,Short Put Spread,PUT,"5,465","5,470",P,"Jun 26, 2024",3:54pm → 4:00pm,Expired,"$1,371",$129
SPX,Short Put Spread,PUT,"5,470","5,475",P,"Jun 27, 2024",3:54pm → 3:55pm,Touch,"$1,440",-$312
SPX,Short Put Spread,PUT,"5,460","5,465",P,"Jun 28, 2024",3:54pm → 3:55pm,Touch,"$1,155",-$156
SPX,Short Put Spread,PUT,"5,465","5,470",P,"Jul 1, 2024",3:54pm → 4:00pm,Expired,"$1,323",$177
SPX,Short Put Spread,PUT,"5,495","5,500",P,"Jul 2, 2024",3:54pm → 4:00pm,Expired,"$1,419",$81
SPX,Short Put Spread,PUT,"5,560","5,565",P,"Jul 5, 2024",3:54pm → 4:00pm,Expired,"$1,332",$168
SPX,Short Put Spread,PUT,"5,565","5,570",P,"Jul 8, 2024",3:54pm → 3:55pm,Touch,"$1,176",$183
SPX,Short Put Spread,PUT,"5,570","5,575",P,"Jul 9, 2024",3:54pm → 3:56pm,Touch,"$1,380",-$168
SPX,Short Put Spread,PUT,"5,625","5,630",P,"Jul 10, 2024",3:54pm → 3:57pm,Touch,"$1,218",$63
SPX,Short Put Spread,PUT,"5,580","5,585",P,"Jul 11, 2024",3:54pm → 3:55pm,Touch,"$1,347",-$138
SPX,Short Put Spread,PUT,"5,610","5,615",P,"Jul 12, 2024",3:54pm → 3:57pm,Touch,"$1,380",-$40
SPX,Short Put Spread,PUT,"5,615","5,620",P,"Jul 15, 2024",3:54pm → 4:00pm,Expired,"$1,380",$620
SPX,Short Put Spread,PUT,"5,660","5,665",P,"Jul 16, 2024",3:54pm → 3:57pm,Touch,"$1,164",$126
SPX,Short Put Spread,PUT,"5,585","5,590",P,"Jul 17, 2024",3:54pm → 3:55pm,Touch,"$1,290",-$255
SPX,Short Put Spread,PUT,"5,535","5,540",P,"Jul 18, 2024",3:54pm → 3:55pm,Touch,"$1,300",-$248
SPX,Short Put Spread,PUT,"5,495","5,500",P,"Jul 19, 2024",3:54pm → 3:56pm,Touch,"$1,140",-$180
SPX,Short Put Spread,PUT,"5,560","5,565",P,"Jul 22, 2024",3:54pm → 3:55pm,Touch,"$1,131",-$255
SPX,Short Put Spread,PUT,"5,550","5,555",P,"Jul 23, 2024",3:54pm → 3:55pm,Touch,"$1,203",-$519
SPX,Short Put Spread,PUT,"5,420","5,425",P,"Jul 24, 2024",3:54pm → 3:55pm,Touch,"$1,170",-$429
SPX,Short Put Spread,PUT,"5,405","5,410",P,"Jul 25, 2024",3:54pm → 3:55pm,Touch,"$1,161",-$351
SPX,Short Put Spread,PUT,"5,445","5,450",P,"Jul 26, 2024",3:54pm → 3:55pm,Touch,"$1,260",-$140
SPX,Short Put Spread,PUT,"5,465","5,470",P,"Jul 29, 2024",3:54pm → 3:55pm,Touch,"$1,408",-$176
SPX,Short Put Spread,PUT,"5,440","5,445",P,"Jul 30, 2024",3:54pm → 3:55pm,Touch,"$1,230",-$231
SPX,Short Put Spread,PUT,"5,510","5,515",P,"Jul 31, 2024",3:54pm → 4:00pm,Expired,"$1,240",$760
SPX,Short Put Spread,PUT,"5,430","5,435",P,"Aug 1, 2024",3:54pm → 3:55pm,Touch,"$1,460",-$268
SPX,Short Put Spread,PUT,"5,320","5,325",P,"Aug 2, 2024",3:54pm → 4:00pm,Expired,"$1,292",$708
SPX,Short Put Spread,PUT,"5,165","5,170",P,"Aug 5, 2024",3:54pm → 4:00pm,Expired,"$1,320",$680
SPX,Short Put Spread,PUT,"5,245","5,250",P,"Aug 6, 2024",3:54pm → 3:55pm,Touch,"$1,420",-$400
SPX,Short Put Spread,PUT,"5,205","5,210",P,"Aug 7, 2024",3:54pm → 3:55pm,Touch,"$1,308",-$408
SPX,Short Put Spread,PUT,"5,310","5,315",P,"Aug 8, 2024",3:54pm → 3:55pm,Touch,"$1,460",-$272
SPX,Short Put Spread,PUT,"5,330","5,335",P,"Aug 9, 2024",3:54pm → 4:00pm,Expired,"$1,176",$324
SPX,Short Put Spread,PUT,"5,325","5,330",P,"Aug 12, 2024",3:54pm → 4:00pm,Expired,"$1,500",$500
SPX,Short Put Spread,PUT,"5,420","5,425",P,"Aug 13, 2024",3:54pm → 3:55pm,Touch,"$1,134",$42
SPX,Short Put Spread,PUT,"5,445","5,450",P,"Aug 14, 2024",3:54pm → 4:00pm,Expired,"$1,492",$508
SPX,Short Put Spread,PUT,"5,525","5,530",P,"Aug 15, 2024",3:54pm → 4:00pm,Expired,"$1,191",$309
SPX,Short Put Spread,PUT,"5,545","5,550",P,"Aug 16, 2024",3:54pm → 3:55pm,Touch,"$1,263",-$48
SPX,Short Put Spread,PUT,"5,590","5,595",P,"Aug 19, 2024",3:54pm → 4:00pm,Expired,"$1,296",$204
SPX,Short Put Spread,PUT,"5,590","5,595",P,"Aug 20, 2024",3:54pm → 3:56pm,Touch,"$1,260",-$39
SPX,Short Put Spread,PUT,"5,610","5,615",P,"Aug 21, 2024",3:54pm → 4:00pm,Expired,"$1,161",$339
SPX,Short Put Spread,PUT,"5,555","5,560",P,"Aug 22, 2024",3:54pm → 3:58pm,Touch,"$1,170",$84
SPX,Short Put Spread,PUT,"5,625","5,630",P,"Aug 23, 2024",3:54pm → 4:00pm,Expired,"$1,420",$580
SPX,Short Put Spread,PUT,"5,610","5,615",P,"Aug 26, 2024",3:54pm → 3:55pm,Touch,"$1,488",-$168
SPX,Short Put Spread,PUT,"5,615","5,620",P,"Aug 27, 2024",3:54pm → 4:00pm,Expired,"$1,326",$174
SPX,Short Put Spread,PUT,"5,595","5,600",P,"Aug 28, 2024",3:54pm → 3:55pm,Touch,"$1,468",-$28
SPX,Short Put Spread,PUT,"5,580","5,585",P,"Aug 29, 2024",3:54pm → 4:00pm,Expired,"$1,215",$285
SPX,Short Put Spread,PUT,"5,635","5,640",P,"Aug 30, 2024",3:54pm → 4:00pm,Expired,"$1,472",$528
SPX,Short Put Spread,PUT,"5,510","5,515",P,"Sep 3, 2024",3:54pm → 4:00pm,Expired,"$1,164",$336
SPX,Short Put Spread,PUT,"5,515","5,520",P,"Sep 4, 2024",3:54pm → 3:55pm,Touch,"$1,292",-$64
SPX,Short Put Spread,PUT,"5,485","5,490",P,"Sep 5, 2024",3:54pm → 4:00pm,Expired,"$1,152",$348
SPX,Short Put Spread,PUT,"5,405","5,410",P,"Sep 6, 2024",3:54pm → 3:55pm,Touch,"$1,220",$20
SPX,Short Put Spread,PUT,"5,450","5,455",P,"Sep 9, 2024",3:54pm → 4:00pm,Expired,"$1,164",$336
SPX,Short Put Spread,PUT,"5,485","5,490",P,"Sep 10, 2024",3:54pm → 4:00pm,Expired,"$1,224",$276
SPX,Short Put Spread,PUT,"5,535","5,540",P,"Sep 11, 2024",3:54pm → 4:00pm,Expired,"$1,161",$339
SPX,Short Put Spread,PUT,"5,585","5,590",P,"Sep 12, 2024",3:54pm → 3:55pm,Touch,"$1,161",-$120
SPX,Short Put Spread,PUT,"5,620","5,625",P,"Sep 13, 2024",3:54pm → 3:58pm,Touch,"$1,170",$174
SPX,Short Put Spread,PUT,"5,625","5,630",P,"Sep 16, 2024",3:54pm → 4:00pm,Expired,"$1,356",$144
SPX,Short Put Spread,PUT,"5,625","5,630",P,"Sep 17, 2024",3:54pm → 3:55pm,Touch,"$1,432",$168
SPX,Short Put Spread,PUT,"5,615","5,620",P,"Sep 18, 2024",3:54pm → 3:58pm,Touch,"$1,200",-$72
SPX,Short Put Spread,PUT,"5,705","5,710",P,"Sep 19, 2024",3:54pm → 3:59pm,Touch,"$1,288",$472
SPX,Short Put Spread,PUT,"5,700","5,705",P,"Sep 20, 2024",3:54pm → 3:55pm,Touch,"$1,420",-$12
SPX,Short Put Spread,PUT,"5,710","5,715",P,"Sep 23, 2024",3:54pm → 4:00pm,Expired,"$1,311",$189
SPX,Short Put Spread,PUT,"5,725","5,730",P,"Sep 24, 2024",3:54pm → 3:55pm,Touch,"$1,170",-$195
SPX,Short Put Spread,PUT,"5,710","5,715",P,"Sep 25, 2024",3:54pm → 4:00pm,Expired,"$1,380",$120
SPX,Short Put Spread,PUT,"5,735","5,740",P,"Sep 26, 2024",3:54pm → 4:00pm,Expired,"$1,287",$213
SPX,Short Put Spread,PUT,"5,730","5,735",P,"Sep 27, 2024",3:54pm → 4:00pm,Expired,"$1,428",$72
SPX,Short Put Spread,PUT,"5,745","5,750",P,"Sep 30, 2024",3:54pm → 4:00pm,Expired,"$1,191",$309
SPX,Short Put Spread,PUT,"5,700","5,705",P,"Oct 1, 2024",3:54pm → 4:00pm,Expired,"$1,245",$255
SPX,Short Put Spread,PUT,"5,705","5,710",P,"Oct 2, 2024",3:54pm → 3:55pm,Touch,"$1,287",-$57
SPX,Short Put Spread,PUT,"5,685","5,690",P,"Oct 3, 2024",3:54pm → 4:00pm,Expired,"$1,488",$512
SPX,Short Put Spread,PUT,"5,735","5,740",P,"Oct 4, 2024",3:54pm → 4:00pm,Expired,"$1,320",$180
SPX,Short Put Spread,PUT,"5,695","5,700",P,"Oct 7, 2024",3:54pm → 3:55pm,Touch,"$1,269",-$108
SPX,Short Put Spread,PUT,"5,750","5,755",P,"Oct 8, 2024",3:54pm → 3:55pm,Touch,"$1,200",-$30
SPX,Short Put Spread,PUT,"5,785","5,790",P,"Oct 9, 2024",3:54pm → 4:00pm,Expired,"$1,395",$105
SPX,Short Put Spread,PUT,"5,775","5,780",P,"Oct 10, 2024",3:54pm → 3:56pm,Touch,"$1,311",-$6
SPX,Short Put Spread,PUT,"5,810","5,815",P,"Oct 11, 2024",3:54pm → 3:57pm,Touch,"$1,392",$27
SPX,Short Put Spread,PUT,"5,855","5,860",P,"Oct 14, 2024",3:54pm → 3:59pm,Touch,"$1,404",$54
SPX,Short Put Spread,PUT,"5,810","5,815",P,"Oct 15, 2024",3:54pm → 3:56pm,Touch,"$1,224",-$459
SPX,Short Put Spread,PUT,"5,835","5,840",P,"Oct 16, 2024",3:54pm → 3:55pm,Touch,"$1,194",$72
SPX,Short Put Spread,PUT,"5,835","5,840",P,"Oct 17, 2024",3:54pm → 3:56pm,Touch,"$1,284",$114
SPX,Short Put Spread,PUT,"5,855","5,860",P,"Oct 18, 2024",3:54pm → 4:00pm,Expired,"$1,299",$201
SPX,Short Put Spread,PUT,"5,840","5,845",P,"Oct 21, 2024",3:54pm → 4:00pm,Expired,"$1,314",$186
SPX,Short Put Spread,PUT,"5,850","5,855",P,"Oct 22, 2024",3:54pm → 3:57pm,Touch,"$1,428",-$9
SPX,Short Put Spread,PUT,"5,790","5,795",P,"Oct 23, 2024",3:54pm → 3:55pm,Touch,"$1,269",-$204
SPX,Short Put Spread,PUT,"5,805","5,810",P,"Oct 24, 2024",3:54pm → 3:58pm,Touch,"$1,215",$45
SPX,Short Put Spread,PUT,"5,800","5,805",P,"Oct 25, 2024",3:54pm → 3:56pm,Touch,"$1,305",-$165
SPX,Short Put Spread,PUT,"5,820","5,825",P,"Oct 28, 2024",3:54pm → 3:56pm,Touch,"$1,389",-$333
SPX,Short Put Spread,PUT,"5,830","5,835",P,"Oct 29, 2024",3:54pm → 3:55pm,Touch,"$1,341",-$87
SPX,Short Put Spread,PUT,"5,815","5,820",P,"Oct 30, 2024",3:54pm → 3:55pm,Touch,"$1,245",-$240
SPX,Short Put Spread,PUT,"5,715","5,720",P,"Oct 31, 2024",3:54pm → 3:55pm,Touch,"$1,332",-$672
SPX,Short Put Spread,PUT,"5,715","5,720",P,"Nov 1, 2024",3:54pm → 4:00pm,Expired,"$1,215",$285
SPX,Short Put Spread,PUT,"5,705","5,710",P,"Nov 4, 2024",3:54pm → 3:56pm,Touch,"$1,341",-$165
SPX,Short Put Spread,PUT,"5,770","5,775",P,"Nov 5, 2024",3:54pm → 3:55pm,Touch,"$1,266",-$147
SPX,Short Put Spread,PUT,"5,920","5,925",P,"Nov 6, 2024",3:54pm → 3:55pm,Touch,"$1,239",-$51
SPX,Short Put Spread,PUT,"5,965","5,970",P,"Nov 7, 2024",3:54pm → 3:55pm,Touch,"$1,364",$236
SPX,Short Put Spread,PUT,"5,990","5,995",P,"Nov 8, 2024",3:54pm → 3:55pm,Touch,"$1,149",$39
SPX,Short Put Spread,PUT,"5,995","6,000",P,"Nov 11, 2024",3:54pm → 3:55pm,Touch,"$1,224",-$321
SPX,Short Put Spread,PUT,"5,975","5,980",P,"Nov 12, 2024",3:54pm → 4:00pm,Expired,"$1,386",$114
SPX,Short Put Spread,PUT,"5,980","5,985",P,"Nov 13, 2024",3:54pm → 3:55pm,Touch,"$1,275",-$345
SPX,Short Put Spread,PUT,"5,940","5,945",P,"Nov 14, 2024",3:54pm → 3:56pm,Touch,"$1,251",$15
SPX,Short Put Spread,PUT,"5,860","5,865",P,"Nov 15, 2024",3:54pm → 4:00pm,Expired,"$1,296",$204
SPX,Short Put Spread,PUT,"5,880","5,885",P,"Nov 18, 2024",3:54pm → 4:00pm,Expired,"$1,356",$144
SPX,Short Put Spread,PUT,"5,910","5,915",P,"Nov 19, 2024",3:54pm → 3:55pm,Touch,"$1,472",-$520
SPX,Short Put Spread,PUT,"5,910","5,915",P,"Nov 20, 2024",3:54pm → 3:55pm,Touch,"$1,408",$64
SPX,Short Put Spread,PUT,"5,945","5,950",P,"Nov 21, 2024",3:54pm → 3:56pm,Touch,"$1,233",-$21
SPX,Short Put Spread,PUT,"5,960","5,965",P,"Nov 22, 2024",3:54pm → 4:00pm,Expired,"$1,362",$138
SPX,Short Put Spread,PUT,"5,980","5,985",P,"Nov 25, 2024",3:54pm → 3:56pm,Touch,"$1,281",$54
SPX,Short Put Spread,PUT,"6,015","6,020",P,"Nov 26, 2024",3:54pm → 3:55pm,Touch,"$1,374",-$39
SPX,Short Put Spread,PUT,"5,990","5,995",P,"Nov 27, 2024",3:54pm → 4:00pm,Expired,"$1,419",$81
SPX,Short Put Spread,PUT,"6,040","6,045",P,"Dec 2, 2024",3:54pm → 3:55pm,Touch,"$1,440",-$66
SPX,Short Put Spread,PUT,"6,045","6,050",P,"Dec 3, 2024",3:54pm → 3:55pm,Touch,"$1,251",$78
SPX,Short Put Spread,PUT,"6,080","6,085",P,"Dec 4, 2024",3:54pm → 3:55pm,Touch,"$1,281",$63
SPX,Short Put Spread,PUT,"6,075","6,080",P,"Dec 5, 2024",3:54pm → 3:55pm,Touch,"$1,236",-$465
SPX,Short Put Spread,PUT,"6,080","6,085",P,"Dec 6, 2024",3:54pm → 3:55pm,Touch,"$1,395",-$36
SPX,Short Put Spread,PUT,"6,045","6,050",P,"Dec 9, 2024",3:54pm → 3:55pm,Touch,"$1,389",-$150
SPX,Short Put Spread,PUT,"6,025","6,030",P,"Dec 10, 2024",3:54pm → 3:55pm,Touch,"$1,350",-$78
SPX,Short Put Spread,PUT,"6,080","6,085",P,"Dec 11, 2024",3:54pm → 3:55pm,Touch,"$1,344",-$75
SPX,Short Put Spread,PUT,"6,050","6,055",P,"Dec 12, 2024",3:54pm → 3:55pm,Touch,"$1,425",-$135
SPX,Short Put Spread,PUT,"6,045","6,050",P,"Dec 13, 2024",3:54pm → 3:55pm,Touch,"$1,149",-$12
SPX,Short Put Spread,PUT,"6,060","6,065",P,"Dec 16, 2024",3:54pm → 4:00pm,Expired,"$1,425",$75
SPX,Short Put Spread,PUT,"6,040","6,045",P,"Dec 17, 2024",3:54pm → 4:00pm,Expired,"$1,440",$60
SPX,Short Put Spread,PUT,"5,895","5,900",P,"Dec 18, 2024",3:54pm → 3:56pm,Touch,"$1,191",-$681
SPX,Short Put Spread,PUT,"5,860","5,865",P,"Dec 19, 2024",3:54pm → 4:00pm,Expired,"$1,372",$628
SPX,Short Put Spread,PUT,"5,920","5,925",P,"Dec 20, 2024",3:54pm → 3:57pm,Touch,"$1,475",$425
SPX,Short Put Spread,PUT,"5,965","5,970",P,"Dec 23, 2024",3:54pm → 4:00pm,Expired,"$1,335",$165
SPX,Short Put Spread,PUT,"6,035","6,040",P,"Dec 26, 2024",3:54pm → 3:57pm,Touch,"$1,362",-$48
SPX,Short Put Spread,PUT,"5,970","5,975",P,"Dec 27, 2024",3:54pm → 3:55pm,Touch,"$1,372",-$572
SPX,Short Put Spread,PUT,"5,920","5,925",P,"Dec 30, 2024",3:54pm → 3:55pm,Touch,"$1,272",-$412
SPX,Short Put Spread,PUT,"5,875","5,880",P,"Dec 31, 2024",3:54pm → 3:55pm,Touch,"$1,340",-$160
SPX,Short Put Spread,PUT,"5,860","5,865",P,"Jan 2, 2025",3:54pm → 3:55pm,Touch,"$1,200",-$300
SPX,Short Put Spread,PUT,"5,930","5,935",P,"Jan 3, 2025",3:54pm → 4:00pm,Expired,"$1,332",$668
SPX,Short Put Spread,PUT,"5,965","5,970",P,"Jan 6, 2025",3:54pm → 3:55pm,Touch,"$1,332",$148
SPX,Short Put Spread,PUT,"5,900","5,905",P,"Jan 7, 2025",3:54pm → 4:00pm,Expired,"$1,170",$330
SPX,Short Put Spread,PUT,"5,910","5,915",P,"Jan 8, 2025",3:54pm → 3:59pm,Touch,"$1,328",$492
SPX,Short Put Spread,PUT,"5,820","5,825",P,"Jan 10, 2025",3:54pm → 4:00pm,Expired,"$1,149",$351
SPX,Short Put Spread,PUT,"5,825","5,830",P,"Jan 13, 2025",3:54pm → 4:00pm,Expired,"$1,134",$366
SPX,Short Put Spread,PUT,"5,830","5,835",P,"Jan 14, 2025",3:54pm → 3:55pm,Touch,"$1,404",$108
SPX,Short Put Spread,PUT,"5,945","5,950",P,"Jan 15, 2025",3:54pm → 3:55pm,Touch,"$1,326",-$231
SPX,Short Put Spread,PUT,"5,940","5,945",P,"Jan 16, 2025",3:54pm → 3:55pm,Touch,"$1,260",-$156
SPX,Short Put Spread,PUT,"5,995","6,000",P,"Jan 17, 2025",3:54pm → 3:56pm,Touch,"$1,281",-$180
SPX,Short Put Spread,PUT,"6,040","6,045",P,"Jan 21, 2025",3:54pm → 4:00pm,Expired,"$1,350",$150
SPX,Short Put Spread,PUT,"6,075","6,080",P,"Jan 22, 2025",3:54pm → 4:00pm,Expired,"$1,416",$84
SPX,Short Put Spread,PUT,"6,100","6,105",P,"Jan 23, 2025",3:54pm → 4:00pm,Expired,"$1,239",$261
SPX,Short Put Spread,PUT,"6,090","6,095",P,"Jan 24, 2025",3:54pm → 3:55pm,Touch,"$1,380",$140
SPX,Short Put Spread,PUT,"5,985","5,990",P,"Jan 27, 2025",3:54pm → 4:00pm,Expired,"$1,215",$285
SPX,Short Put Spread,PUT,"6,060","6,065",P,"Jan 28, 2025",3:54pm → 3:58pm,Touch,"$1,311",$33
SPX,Short Put Spread,PUT,"6,025","6,030",P,"Jan 29, 2025",3:54pm → 4:00pm,Expired,"$1,179",$321
SPX,Short Put Spread,PUT,"6,055","6,060",P,"Jan 30, 2025",3:54pm → 4:00pm,Expired,"$1,209",$291
SPX,Short Put Spread,PUT,"6,035","6,040",P,"Jan 31, 2025",3:54pm → 3:55pm,Touch,"$1,280",-$72
SPX,Short Put Spread,PUT,"6,000","6,005",P,"Feb 3, 2025",3:54pm → 3:55pm,Touch,"$1,260",-$308
SPX,Short Put Spread,PUT,"6,030","6,035",P,"Feb 4, 2025",3:54pm → 4:00pm,Expired,"$1,179",$321
SPX,Short Put Spread,PUT,"6,045","6,050",P,"Feb 5, 2025",3:54pm → 4:00pm,Expired,"$1,359",$141
SPX,Short Put Spread,PUT,"6,070","6,075",P,"Feb 6, 2025",3:54pm → 4:00pm,Expired,"$1,260",$240
SPX,Short Put Spread,PUT,"6,025","6,030",P,"Feb 7, 2025",3:54pm → 3:55pm,Touch,"$1,432",-$172
SPX,Short Put Spread,PUT,"6,055","6,060",P,"Feb 10, 2025",3:54pm → 4:00pm,Expired,"$1,278",$222
SPX,Short Put Spread,PUT,"6,060","6,065",P,"Feb 11, 2025",3:54pm → 3:55pm,Touch,"$1,272",$39
SPX,Short Put Spread,PUT,"6,040","6,045",P,"Feb 12, 2025",3:54pm → 4:00pm,Expired,"$1,149",$351
SPX,Short Put Spread,PUT,"6,105","6,110",P,"Feb 13, 2025",3:54pm → 3:55pm,Touch,"$1,290",$36
SPX,Short Put Spread,PUT,"6,110","6,115",P,"Feb 14, 2025",3:54pm → 3:56pm,Touch,"$1,305",$90
SPX,Short Put Spread,PUT,"6,105","6,110",P,"Feb 18, 2025",3:54pm → 4:00pm,Expired,"$1,389",$111
SPX,Short Put Spread,PUT,"6,135","6,140",P,"Feb 19, 2025",3:54pm → 3:55pm,Touch,"$1,155",-$30
SPX,Short Put Spread,PUT,"6,110","6,115",P,"Feb 20, 2025",3:54pm → 4:00pm,Expired,"$1,155",$345
SPX,Short Put Spread,PUT,"6,005","6,010",P,"Feb 21, 2025",3:54pm → 4:00pm,Expired,"$1,215",$285
SPX,Short Put Spread,PUT,"5,980","5,985",P,"Feb 24, 2025",3:54pm → 3:57pm,Touch,"$1,236",-$102
SPX,Short Put Spread,PUT,"5,945","5,950",P,"Feb 25, 2025",3:54pm → 3:55pm,Touch,"$1,232",$40
SPX,Short Put Spread,PUT,"5,950","5,955",P,"Feb 26, 2025",3:54pm → 3:57pm,Touch,"$1,254",-$108
SPX,Short Put Spread,PUT,"5,870","5,875",P,"Feb 27, 2025",3:54pm → 3:55pm,Touch,"$1,332",-$472
SPX,Short Put Spread,PUT,"5,925","5,930",P,"Feb 28, 2025",3:54pm → 4:00pm,Expired,"$1,380",$620
SPX,Short Put Spread,PUT,"5,825","5,830",P,"Mar 3, 2025",3:54pm → 4:00pm,Expired,"$1,332",$668
SPX,Short Put Spread,PUT,"5,765","5,770",P,"Mar 4, 2025",3:54pm → 4:00pm,Expired,"$1,500","$1,000"
SPX,Short Put Spread,PUT,"5,840","5,845",P,"Mar 5, 2025",3:54pm → 3:57pm,Touch,"$1,352",$156
SPX,Short Put Spread,PUT,"5,730","5,735",P,"Mar 6, 2025",3:54pm → 4:00pm,Expired,"$1,340",$660
SPX,Short Put Spread,PUT,"5,755","5,760",P,"Mar 7, 2025",3:54pm → 4:00pm,Expired,"$1,500","$1,000"
SPX,Short Put Spread,PUT,"5,600","5,605",P,"Mar 10, 2025",3:54pm → 4:00pm,Expired,"$1,352",$648
SPX,Short Put Spread,PUT,"5,575","5,580",P,"Mar 11, 2025",3:54pm → 3:56pm,Touch,"$1,320",$8
SPX,Short Put Spread,PUT,"5,590","5,595",P,"Mar 12, 2025",3:54pm → 4:00pm,Expired,"$1,420",$580
SPX,Short Put Spread,PUT,"5,505","5,510",P,"Mar 13, 2025",3:54pm → 4:00pm,Expired,"$1,420",$580
SPX,Short Put Spread,PUT,"5,625","5,630",P,"Mar 14, 2025",3:54pm → 4:00pm,Expired,"$1,269",$231
SPX,Short Put Spread,PUT,"5,685","5,690",P,"Mar 17, 2025",3:54pm → 3:55pm,Touch,"$1,131",-$192
SPX,Short Put Spread,PUT,"5,610","5,615",P,"Mar 18, 2025",3:54pm → 3:55pm,Touch,"$1,468",-$88
SPX,Short Put Spread,PUT,"5,675","5,680",P,"Mar 19, 2025",3:54pm → 3:55pm,Touch,"$1,400",$60
SPX,Short Put Spread,PUT,"5,655","5,660",P,"Mar 20, 2025",3:54pm → 4:00pm,Expired,"$1,480",$520
SPX,Short Put Spread,PUT,"5,645","5,650",P,"Mar 21, 2025",3:54pm → 4:00pm,Expired,"$1,236",$264
SPX,Short Put Spread,PUT,"5,760","5,765",P,"Mar 24, 2025",3:54pm → 4:00pm,Expired,"$1,209",$291
SPX,Short Put Spread,PUT,"5,770","5,775",P,"Mar 25, 2025",3:54pm → 3:55pm,Touch,"$1,360",--
SPX,Short Put Spread,PUT,"5,705","5,710",P,"Mar 26, 2025",3:54pm → 4:00pm,Expired,"$1,161",$339
SPX,Short Put Spread,PUT,"5,690","5,695",P,"Mar 27, 2025",3:54pm → 3:59pm,Touch,"$1,312",$488
SPX,Short Put Spread,PUT,"5,570","5,575",P,"Mar 28, 2025",3:54pm → 4:00pm,Expired,"$1,215",$285
SPX,Short Put Spread,PUT,"5,595","5,600",P,"Mar 31, 2025",3:54pm → 4:00pm,Expired,"$1,220",$780
SPX,Short Put Spread,PUT,"5,620","5,625",P,"Apr 1, 2025",3:54pm → 4:00pm,Expired,"$1,146",$354
SPX,Short Put Spread,PUT,"5,665","5,670",P,"Apr 2, 2025",3:54pm → 4:00pm,Expired,"$1,146",$354
SPX,Short Put Spread,PUT,"5,395","5,400",P,"Apr 3, 2025",3:54pm → 3:57pm,Touch,"$1,292",$220
SPX,Short Put Spread,PUT,"5,075","5,080",P,"Apr 4, 2025",3:54pm → 3:56pm,Touch,"$1,260",-$340
SPX,Short Put Spread,PUT,"5,030","5,035",P,"Apr 7, 2025",3:54pm → 4:00pm,Expired,"$1,450","$1,050"
SPX,Short Put Spread,PUT,"4,950","4,955",P,"Apr 8, 2025",3:54pm → 4:00pm,Expired,"$1,500","$1,000"
SPX,Short Put Spread,PUT,"5,460","5,465",P,"Apr 9, 2025",3:54pm → 3:56pm,Touch,"$1,450",-$350
SPX,Short Put Spread,PUT,"5,255","5,260",P,"Apr 10, 2025",3:54pm → 3:56pm,Touch,"$1,425",$325
SPX,Short Put Spread,PUT,"5,355","5,360",P,"Apr 11, 2025",3:54pm → 3:59pm,Touch,"$1,452",$200
SPX,Short Put Spread,PUT,"5,410","5,415",P,"Apr 14, 2025",3:54pm → 3:55pm,Touch,"$1,488",-$276
SPX,Short Put Spread,PUT,"5,395","5,400",P,"Apr 15, 2025",3:54pm → 3:55pm,Touch,"$1,500",-$20
SPX,Short Put Spread,PUT,"5,260","5,265",P,"Apr 16, 2025",3:54pm → 4:00pm,Expired,"$1,332",$668
SPX,Short Put Spread,PUT,"5,270","5,275",P,"Apr 17, 2025",3:54pm → 4:00pm,Expired,"$1,149",$351
SPX,Short Put Spread,PUT,"5,140","5,145",P,"Apr 21, 2025",3:54pm → 4:00pm,Expired,"$1,332",$668
SPX,Short Put Spread,PUT,"5,275","5,280",P,"Apr 22, 2025",3:54pm → 3:56pm,Touch,"$1,332",$300
SPX,Short Put Spread,PUT,"5,375","5,380",P,"Apr 23, 2025",3:54pm → 3:57pm,Touch,"$1,352",$468
SPX,Short Put Spread,PUT,"5,480","5,485",P,"Apr 24, 2025",3:54pm → 3:56pm,Touch,"$1,500",$88
SPX,Short Put Spread,PUT,"5,515","5,520",P,"Apr 25, 2025",3:54pm → 4:00pm,Expired,"$1,191",$309
SPX,Short Put Spread,PUT,"5,530","5,535",P,"Apr 28, 2025",3:54pm → 3:56pm,Touch,"$1,230",$24
SPX,Short Put Spread,PUT,"5,560","5,565",P,"Apr 29, 2025",3:54pm → 3:55pm,Touch,"$1,146",-$135
SPX,Short Put Spread,PUT,"5,560","5,565",P,"Apr 30, 2025",3:54pm → 4:00pm,Expired,"$1,475","$1,025"
SPX,Short Put Spread,PUT,"5,620","5,625",P,"May 1, 2025",3:54pm → 3:55pm,Touch,"$1,372",-$540
SPX,Short Put Spread,PUT,"5,685","5,690",P,"May 2, 2025",3:54pm → 3:55pm,Touch,"$1,400",-$240
SPX,Short Put Spread,PUT,"5,645","5,650",P,"May 5, 2025",3:54pm → 3:55pm,Touch,"$1,269",-$93
SPX,Short Put Spread,PUT,"5,610","5,615",P,"May 6, 2025",3:54pm → 3:56pm,Touch,"$1,239",-$15
SPX,Short Put Spread,PUT,"5,620","5,625",P,"May 7, 2025",3:54pm → 3:55pm,Touch,"$1,500",-$335
SPX,Short Put Spread,PUT,"5,665","5,670",P,"May 8, 2025",3:54pm → 3:55pm,Touch,"$1,140",-$126
SPX,Short Put Spread,PUT,"5,655","5,660",P,"May 9, 2025",3:54pm → 3:56pm,Touch,"$1,245",-$225
SPX,Short Put Spread,PUT,"5,825","5,830",P,"May 12, 2025",3:54pm → 4:00pm,Expired,"$1,299",$201
SPX,Short Put Spread,PUT,"5,885","5,890",P,"May 13, 2025",3:54pm → 3:55pm,Touch,"$1,245",-$315
SPX,Short Put Spread,PUT,"5,890","5,895",P,"May 14, 2025",3:54pm → 3:55pm,Touch,"$1,360",-$200
SPX,Short Put Spread,PUT,"5,910","5,915",P,"May 15, 2025",3:54pm → 3:55pm,Touch,"$1,352",-$812
SPX,Short Put Spread,PUT,"5,950","5,955",P,"May 16, 2025",3:54pm → 3:55pm,Touch,"$1,134",-$210
SPX,Short Put Spread,PUT,"5,950","5,955",P,"May 19, 2025",3:54pm → 4:00pm,Expired,"$1,260",$240
SPX,Short Put Spread,PUT,"5,930","5,935",P,"May 20, 2025",3:54pm → 3:55pm,Touch,"$1,380",$200
SPX,Short Put Spread,PUT,"5,840","5,845",P,"May 21, 2025",3:54pm → 4:00pm,Expired,"$1,200",$183
SPX,Short Put Spread,PUT,"5,850","5,855",P,"May 22, 2025",3:54pm → 3:55pm,Touch,"$1,432",-$360
SPX,Short Put Spread,PUT,"5,795","5,800",P,"May 23, 2025",3:54pm → 3:55pm,Touch,"$1,340",$88
SPX,Short Put Spread,PUT,"5,905","5,910",P,"May 27, 2025",3:54pm → 4:00pm,Expired,"$1,260",$240
SPX,Short Put Spread,PUT,"5,880","5,885",P,"May 28, 2025",3:54pm → 3:55pm,Touch,"$1,432",$28
SPX,Short Put Spread,PUT,"5,895","5,900",P,"May 29, 2025",3:54pm → 4:00pm,Expired,"$1,488",$512
SPX,Short Put Spread,PUT,"5,905","5,910",P,"May 30, 2025",3:54pm → 3:55pm,Touch,"$1,490",-$390
SPX,Short Put Spread,PUT,"5,920","5,925",P,"Jun 2, 2025",3:54pm → 4:00pm,Expired,"$1,314",$186
SPX,Short Put Spread,PUT,"5,960","5,965",P,"Jun 3, 2025",3:54pm → 4:00pm,Expired,"$1,305",$195
SPX,Short Put Spread,PUT,"5,965","5,970",P,"Jun 4, 2025",3:54pm → 3:57pm,Touch,"$1,374",$15
SPX,Short Put Spread,PUT,"5,930","5,935",P,"Jun 5, 2025",3:54pm → 3:55pm,Touch,"$1,245",-$129
SPX,Short Put Spread,PUT,"5,995","6,000",P,"Jun 6, 2025",3:54pm → 4:00pm,Expired,"$1,344",$156
SPX,Short Put Spread,PUT,"6,005","6,010",P,"Jun 9, 2025",3:54pm → 3:55pm,Touch,"$1,260",-$330
SPX,Short Put Spread,PUT,"6,020","6,025",P,"Jun 10, 2025",3:54pm → 4:00pm,Expired,"$1,260",$240
SPX,Short Put Spread,PUT,"6,010","6,015",P,"Jun 11, 2025",3:54pm → 4:00pm,Expired,"$1,221",$279
SPX,Short Put Spread,PUT,"6,030","6,035",P,"Jun 12, 2025",3:54pm → 3:55pm,Touch,"$1,492",$28
SPX,Short Put Spread,PUT,"5,960","5,965",P,"Jun 13, 2025",3:54pm → 3:55pm,Touch,"$1,308",$184
SPX,Short Put Spread,PUT,"6,020","6,025",P,"Jun 16, 2025",3:54pm → 3:59pm,Touch,"$1,290",$84
SPX,Short Put Spread,PUT,"5,980","5,985",P,"Jun 17, 2025",3:54pm → 3:55pm,Touch,"$1,149",-$120
SPX,Short Put Spread,PUT,"5,980","5,985",P,"Jun 18, 2025",3:54pm → 3:55pm,Touch,"$1,428",-$328
SPX,Short Put Spread,PUT,"5,960","5,965",P,"Jun 20, 2025",3:54pm → 3:55pm,Touch,"$1,400",$40
SPX,Short Put Spread,PUT,"6,015","6,020",P,"Jun 23, 2025",3:54pm → 4:00pm,Expired,"$1,320",$180
SPX,Short Put Spread,PUT,"6,090","6,095",P,"Jun 24, 2025",3:54pm → 3:55pm,Touch,"$1,335",-$144
SPX,Short Put Spread,PUT,"6,085","6,090",P,"Jun 25, 2025",3:54pm → 3:55pm,Touch,"$1,266",-$282
SPX,Short Put Spread,PUT,"6,135","6,140",P,"Jun 26, 2025",3:54pm → 4:00pm,Expired,"$1,365",$135
SPX,Short Put Spread,PUT,"6,155","6,160",P,"Jun 27, 2025",3:54pm → 4:00pm,Expired,"$1,299",$201
SPX,Short Put Spread,PUT,"6,205","6,210",P,"Jun 30, 2025",3:54pm → 3:56pm,Touch,"$1,206",-$120
SPX,Short Put Spread,PUT,"6,195","6,200",P,"Jul 1, 2025",3:54pm → 3:57pm,Touch,"$1,374",-$60
SPX,Short Put Spread,PUT,"6,215","6,220",P,"Jul 2, 2025",3:54pm → 4:00pm,Expired,"$1,359",$141
SPX,Short Put Spread,PUT,"6,215","6,220",P,"Jul 7, 2025",3:54pm → 4:00pm,Expired,"$1,380",$120
SPX,Short Put Spread,PUT,"6,215","6,220",P,"Jul 8, 2025",3:54pm → 4:00pm,Expired,"$1,311",$189
SPX,Short Put Spread,PUT,"6,250","6,255",P,"Jul 9, 2025",3:54pm → 4:00pm,Expired,"$1,380",$120
SPX,Short Put Spread,PUT,"6,270","6,275",P,"Jul 10, 2025",3:54pm → 3:55pm,Touch,"$1,392",$160
SPX,Short Put Spread,PUT,"6,255","6,260",P,"Jul 11, 2025",3:54pm → 3:55pm,Touch,"$1,179",-$63
SPX,Short Put Spread,PUT,"6,260","6,265",P,"Jul 14, 2025",3:54pm → 3:57pm,Touch,"$1,344",$81
SPX,Short Put Spread,PUT,"6,245","6,250",P,"Jul 15, 2025",3:54pm → 3:55pm,Touch,"$1,254",-$24
SPX,Short Put Spread,PUT,"6,255","6,260",P,"Jul 16, 2025",3:54pm → 4:00pm,Expired,"$1,320",$180
SPX,Short Put Spread,PUT,"6,295","6,300",P,"Jul 17, 2025",3:54pm → 3:55pm,Touch,"$1,266",-$21
SPX,Short Put Spread,PUT,"6,290","6,295",P,"Jul 18, 2025",3:54pm → 3:55pm,Touch,"$1,209",$45
SPX,Short Put Spread,PUT,"6,300","6,305",P,"Jul 21, 2025",3:54pm → 3:56pm,Touch,"$1,386",-$57
SPX,Short Put Spread,PUT,"6,305","6,310",P,"Jul 22, 2025",3:54pm → 3:55pm,Touch,"$1,320",-$30
SPX,Short Put Spread,PUT,"6,350","6,355",P,"Jul 23, 2025",3:54pm → 3:55pm,Touch,"$1,290",-$129
SPX,Short Put Spread,PUT,"6,365","6,370",P,"Jul 24, 2025",3:54pm → 3:55pm,Touch,"$1,230",-$111
SPX,Short Put Spread,PUT,"6,385","6,390",P,"Jul 25, 2025",3:54pm → 3:55pm,Touch,"$1,194",-$114
SPX,Short Put Spread,PUT,"6,380","6,385",P,"Jul 28, 2025",3:54pm → 3:55pm,Touch,"$1,239",-$24
SPX,Short Put Spread,PUT,"6,365","6,370",P,"Jul 29, 2025",3:54pm → 3:55pm,Touch,"$1,488",$60
SPX,Short Put Spread,PUT,"6,345","6,350",P,"Jul 30, 2025",3:54pm → 4:00pm,Expired,"$1,170",$330
SPX,Short Put Spread,PUT,"6,325","6,330",P,"Jul 31, 2025",3:54pm → 3:55pm,Touch,"$1,232",$8
SPX,Short Put Spread,PUT,"6,225","6,230",P,"Aug 1, 2025",3:54pm → 4:00pm,Expired,"$1,488",$512
SPX,Short Put Spread,PUT,"6,320","6,325",P,"Aug 4, 2025",3:54pm → 3:55pm,Touch,"$1,269",$45
SPX,Short Put Spread,PUT,"6,295","6,300",P,"Aug 5, 2025",3:54pm → 3:55pm,Touch,"$1,254",-$33
SPX,Short Put Spread,PUT,"6,340","6,345",P,"Aug 6, 2025",3:54pm → 3:56pm,Touch,"$1,194",-$54
SPX,Short Put Spread,PUT,"6,320","6,325",P,"Aug 7, 2025",3:54pm → 4:00pm,Expired,"$1,374",$126
SPX,Short Put Spread,PUT,"6,380","6,385",P,"Aug 8, 2025",3:54pm → 3:57pm,Touch,"$1,239",$165
SPX,Short Put Spread,PUT,"6,360","6,365",P,"Aug 11, 2025",3:54pm → 3:56pm,Touch,"$1,452",--
SPX,Short Put Spread,PUT,"6,435","6,440",P,"Aug 12, 2025",3:54pm → 4:00pm,Expired,"$1,380",$120
SPX,Short Put Spread,PUT,"6,455","6,460",P,"Aug 13, 2025",3:54pm → 4:00pm,Expired,"$1,419",$81
SPX,Short Put Spread,PUT,"6,465","6,470",P,"Aug 14, 2025",3:54pm → 3:57pm,Touch,"$1,290",$24
SPX,Short Put Spread,PUT,"6,445","6,450",P,"Aug 15, 2025",3:54pm → 3:55pm,Touch,"$1,155",-$9
SPX,Short Put Spread,PUT,"6,445","6,450",P,"Aug 18, 2025",3:54pm → 3:59pm,Touch,"$1,245",$195
SPX,Short Put Spread,PUT,"6,395","6,400",P,"Aug 19, 2025",3:54pm → 4:00pm,Expired,"$1,395",$105
SPX,Short Put Spread,PUT,"6,395","6,400",P,"Aug 20, 2025",3:54pm → 3:56pm,Touch,"$1,200",-$45
SPX,Short Put Spread,PUT,"6,360","6,365",P,"Aug 21, 2025",3:54pm → 3:59pm,Touch,"$1,380",-$30
SPX,Short Put Spread,PUT,"6,455","6,460",P,"Aug 22, 2025",3:54pm → 3:57pm,Touch,"$1,395",-$21
SPX,Short Put Spread,PUT,"6,440","6,445",P,"Aug 25, 2025",3:54pm → 3:58pm,Touch,"$1,350",-$630
SPX,Short Put Spread,PUT,"6,455","6,460",P,"Aug 26, 2025",3:54pm → 3:55pm,Touch,"$1,314",-$123
SPX,Short Put Spread,PUT,"6,480","6,485",P,"Aug 27, 2025",3:54pm → 3:55pm,Touch,"$1,140",-$105
SPX,Short Put Spread,PUT,"6,500","6,505",P,"Aug 28, 2025",3:54pm → 3:56pm,Touch,"$1,245",-$45
SPX,Short Put Spread,PUT,"6,445","6,450",P,"Aug 29, 2025",3:54pm → 3:55pm,Touch,"$1,170",-$81
SPX,Short Put Spread,PUT,"6,405","6,410",P,"Sep 2, 2025",3:54pm → 4:00pm,Expired,"$1,480",$520
SPX,Short Put Spread,PUT,"6,435","6,440",P,"Sep 3, 2025",3:54pm → 4:00pm,Expired,"$1,492",$508
SPX,Short Put Spread,PUT,"6,490","6,495",P,"Sep 4, 2025",3:54pm → 4:00pm,Expired,"$1,284",$216
SPX,Short Put Spread,PUT,"6,465","6,470",P,"Sep 5, 2025",3:54pm → 4:00pm,Expired,"$1,269",$231
SPX,Short Put Spread,PUT,"6,485","6,490",P,"Sep 8, 2025",3:54pm → 4:00pm,Expired,"$1,386",$114
SPX,Short Put Spread,PUT,"6,505","6,510",P,"Sep 9, 2025",3:54pm → 4:00pm,Expired,"$1,395",$105
SPX,Short Put Spread,PUT,"6,525","6,530",P,"Sep 10, 2025",3:54pm → 4:00pm,Expired,"$1,260",$240
SPX,Short Put Spread,PUT,"6,580","6,585",P,"Sep 11, 2025",3:54pm → 4:00pm,Expired,"$1,410",$90
SPX,Short Put Spread,PUT,"6,585","6,590",P,"Sep 12, 2025",3:54pm → 3:56pm,Touch,"$1,269",-$105
SPX,Short Put Spread,PUT,"6,600","6,605",P,"Sep 15, 2025",3:54pm → 4:00pm,Expired,"$1,389",$111
SPX,Short Put Spread,PUT,"6,605","6,610",P,"Sep 16, 2025",3:54pm → 3:58pm,Touch,"$1,299",-$105
SPX,Short Put Spread,PUT,"6,590","6,595",P,"Sep 17, 2025",3:54pm → 3:57pm,Touch,"$1,191",-$300
SPX,Short Put Spread,PUT,"6,630","6,635",P,"Sep 18, 2025",3:54pm → 3:56pm,Touch,"$1,224",-$624
SPX,Short Put Spread,PUT,"6,660","6,665",P,"Sep 19, 2025",3:54pm → 3:57pm,Touch,"$1,230",$135
SPX,Short Put Spread,PUT,"6,690","6,695",P,"Sep 22, 2025",3:54pm → 3:59pm,Touch,"$1,269",$111
SPX,Short Put Spread,PUT,"6,650","6,655",P,"Sep 23, 2025",3:54pm → 3:58pm,Touch,"$1,260",$39
SPX,Short Put Spread,PUT,"6,630","6,635",P,"Sep 24, 2025",3:54pm → 3:56pm,Touch,"$1,320",-$21
SPX,Short Put Spread,PUT,"6,595","6,600",P,"Sep 25, 2025",3:54pm → 4:00pm,Expired,"$1,269",$231
SPX,Short Put Spread,PUT,"6,630","6,635",P,"Sep 26, 2025",3:54pm → 4:00pm,Expired,"$1,425",$75
SPX,Short Put Spread,PUT,"6,650","6,655",P,"Sep 29, 2025",3:54pm → 4:00pm,Expired,"$1,395",$105
SPX,Short Put Spread,PUT,"6,685","6,690",P,"Sep 30, 2025",3:54pm → 3:55pm,Touch,"$1,472",-$192
SPX,Short Put Spread,PUT,"6,705","6,710",P,"Oct 1, 2025",3:54pm → 3:55pm,Touch,"$1,425",-$90
SPX,Short Put Spread,PUT,"6,710","6,715",P,"Oct 2, 2025",3:54pm → 3:55pm,Touch,"$1,185",-$54
SPX,Short Put Spread,PUT,"6,710","6,715",P,"Oct 3, 2025",3:54pm → 3:56pm,Touch,"$1,299",-$90
SPX,Short Put Spread,PUT,"6,735","6,740",P,"Oct 6, 2025",3:54pm → 3:57pm,Touch,"$1,470",-$51
SPX,Short Put Spread,PUT,"6,710","6,715",P,"Oct 7, 2025",3:54pm → 3:55pm,Touch,"$1,460",$212
SPX,Short Put Spread,PUT,"6,745","6,750",P,"Oct 8, 2025",3:54pm → 4:00pm,Expired,"$1,434",$66
SPX,Short Put Spread,PUT,"6,725","6,730",P,"Oct 9, 2025",3:54pm → 3:58pm,Touch,"$1,449",-$48
SPX,Short Put Spread,PUT,"6,560","6,565",P,"Oct 10, 2025",3:54pm → 3:55pm,Touch,"$1,260",-$400
SPX,Short Put Spread,PUT,"6,650","6,655",P,"Oct 13, 2025",3:54pm → 3:56pm,Touch,"$1,191",$123
SPX,Short Put Spread,PUT,"6,635","6,640",P,"Oct 14, 2025",3:54pm → 3:56pm,Touch,"$1,480",-$32
SPX,Short Put Spread,PUT,"6,655","6,660",P,"Oct 15, 2025",3:54pm → 3:55pm,Touch,"$1,460",-$348
SPX,Short Put Spread,PUT,"6,620","6,625",P,"Oct 16, 2025",3:54pm → 3:58pm,Touch,"$1,440",-$408
SPX,Short Put Spread,PUT,"6,655","6,660",P,"Oct 17, 2025",3:54pm → 4:00pm,Expired,"$1,305",$195
SPX,Short Put Spread,PUT,"6,730","6,735",P,"Oct 20, 2025",3:54pm → 3:58pm,Touch,"$1,455",-$90
SPX,Short Put Spread,PUT,"6,735","6,740",P,"Oct 21, 2025",3:54pm → 3:59pm,Touch,"$1,455",-$96
SPX,Short Put Spread,PUT,"6,730","6,735",P,"Oct 23, 2025",3:54pm → 4:00pm,Expired,"$1,350",$150
SPX,Short Put Spread,PUT,"6,790","6,795",P,"Oct 24, 2025",3:54pm → 3:56pm,Touch,"$1,410",-$60
SPX,Short Put Spread,PUT,"6,865","6,870",P,"Oct 27, 2025",3:54pm → 4:00pm,Expired,"$1,425",$75
SPX,Short Put Spread,PUT,"6,890","6,895",P,"Oct 28, 2025",3:54pm → 3:55pm,Touch,"$1,155",-$75
SPX,Short Put Spread,PUT,"6,880","6,885",P,"Oct 29, 2025",3:54pm → 3:58pm,Touch,"$1,480",$20
SPX,Short Put Spread,PUT,"6,820","6,825",P,"Oct 30, 2025",3:54pm → 3:55pm,Touch,"$1,170",-$99
SPX,Short Put Spread,PUT,"6,850","6,855",P,"Oct 31, 2025",3:54pm → 3:55pm,Touch,"$1,239",-$495
SPX,Short Put Spread,PUT,"6,840","6,845",P,"Nov 3, 2025",3:54pm → 4:00pm,Expired,"$1,395",$105
SPX,Short Put Spread,PUT,"6,765","6,770",P,"Nov 4, 2025",3:54pm → 3:55pm,Touch,"$1,245",-$150
SPX,Short Put Spread,PUT,"6,800","6,805",P,"Nov 5, 2025",3:54pm → 3:56pm,Touch,"$1,350",-$90
SPX,Short Put Spread,PUT,"6,720","6,725",P,"Nov 6, 2025",3:54pm → 3:55pm,Touch,"$1,290",-$189
SPX,Short Put Spread,PUT,"6,710","6,715",P,"Nov 7, 2025",3:54pm → 4:00pm,Expired,"$1,239",$261
SPX,Short Put Spread,PUT,"6,830","6,835",P,"Nov 10, 2025",3:54pm → 3:56pm,Touch,"$1,350",-$264
SPX,Short Put Spread,PUT,"6,845","6,850",P,"Nov 11, 2025",3:54pm → 3:55pm,Touch,"$1,395",-$111
SPX,Short Put Spread,PUT,"6,850","6,855",P,"Nov 12, 2025",3:54pm → 3:55pm,Touch,"$1,260",-$186
SPX,Short Put Spread,PUT,"6,725","6,730",P,"Nov 13, 2025",3:54pm → 3:55pm,Touch,"$1,220",-$208
SPX,Short Put Spread,PUT,"6,730","6,735",P,"Nov 14, 2025",3:54pm → 3:55pm,Touch,"$1,170",-$300
SPX,Short Put Spread,PUT,"6,655","6,660",P,"Nov 17, 2025",3:54pm → 4:00pm,Expired,"$1,472",$528
SPX,Short Put Spread,PUT,"6,625","6,630",P,"Nov 18, 2025",3:54pm → 3:55pm,Touch,"$1,460",-$308
SPX,Short Put Spread,PUT,"6,640","6,645",P,"Nov 19, 2025",3:54pm → 3:55pm,Touch,"$1,380",-$60
SPX,Short Put Spread,PUT,"6,540","6,545",P,"Nov 20, 2025",3:54pm → 3:55pm,Touch,"$1,490",$75
SPX,Short Put Spread,PUT,"6,600","6,605",P,"Nov 21, 2025",3:54pm → 3:55pm,Touch,"$1,312",-$232
SPX,Short Put Spread,PUT,"6,705","6,710",P,"Nov 24, 2025",3:54pm → 3:56pm,Touch,"$1,360",$312
SPX,Short Put Spread,PUT,"6,770","6,775",P,"Nov 25, 2025",3:54pm → 3:55pm,Touch,"$1,155",-$360
SPX,Short Put Spread,PUT,"6,810","6,815",P,"Nov 26, 2025",3:54pm → 3:55pm,Touch,"$1,365",-$126
SPX,Short Put Spread,PUT,"6,805","6,810",P,"Dec 1, 2025",3:54pm → 3:56pm,Touch,"$1,281",-$156
SPX,Short Put Spread,PUT,"6,825","6,830",P,"Dec 2, 2025",3:54pm → 3:55pm,Touch,"$1,275",-$279
SPX,Short Put Spread,PUT,"6,845","6,850",P,"Dec 3, 2025",3:54pm → 3:55pm,Touch,"$1,395",-$174
SPX,Short Put Spread,PUT,"6,845","6,850",P,"Dec 4, 2025",3:54pm → 3:55pm,Touch,"$1,170",-$51
SPX,Short Put Spread,PUT,"6,860","6,865",P,"Dec 5, 2025",3:54pm → 3:55pm,Touch,"$1,480",-$348
SPX,Short Put Spread,PUT,"6,830","6,835",P,"Dec 8, 2025",3:54pm → 3:55pm,Touch,"$1,326",-$147
SPX,Short Put Spread,PUT,"6,835","6,840",P,"Dec 9, 2025",3:54pm → 3:55pm,Touch,"$1,200",-$111
SPX,Short Put Spread,PUT,"6,885","6,890",P,"Dec 10, 2025",3:54pm → 3:56pm,Touch,"$1,492",-$32
SPX,Short Put Spread,PUT,"6,890","6,895",P,"Dec 11, 2025",3:54pm → 3:56pm,Touch,"$1,350",-$165
SPX,Short Put Spread,PUT,"6,815","6,820",P,"Dec 12, 2025",3:54pm → 4:00pm,Expired,"$1,146",$354
SPX,Short Put Spread,PUT,"6,815","6,820",P,"Dec 15, 2025",3:54pm → 3:55pm,Touch,"$1,314",-$408
SPX,Short Put Spread,PUT,"6,805","6,810",P,"Dec 16, 2025",3:54pm → 3:55pm,Touch,"$1,170",-$255
SPX,Short Put Spread,PUT,"6,720","6,725",P,"Dec 17, 2025",3:54pm → 3:55pm,Touch,"$1,380",$28
SPX,Short Put Spread,PUT,"6,775","6,780",P,"Dec 18, 2025",3:54pm → 3:56pm,Touch,"$1,185",$15
SPX,Short Put Spread,PUT,"6,825","6,830",P,"Dec 19, 2025",3:54pm → 3:56pm,Touch,"$1,275",-$96
SPX,Short Put Spread,PUT,"6,870","6,875",P,"Dec 22, 2025",3:54pm → 3:56pm,Touch,"$1,275",$90
SPX,Short Put Spread,PUT,"6,900","6,905",P,"Dec 23, 2025",3:54pm → 4:00pm,Expired,"$1,290",$210
SPX,Short Put Spread,PUT,"6,920","6,925",P,"Dec 26, 2025",3:54pm → 4:00pm,Expired,"$1,485",$15
SPX,Short Put Spread,PUT,"6,900","6,905",P,"Dec 29, 2025",3:54pm → 3:55pm,Touch,"$1,281",-$126
SPX,Short Put Spread,PUT,"6,895","6,900",P,"Dec 30, 2025",3:54pm → 3:55pm,Touch,"$1,320",-$30
SPX,Short Put Spread,PUT,"6,845","6,850",P,"Dec 31, 2025",3:54pm → 3:58pm,Touch,"$1,275",-$111
SPX,Short Put Spread,PUT,"6,845","6,850",P,"Jan 2, 2026",3:54pm → 3:55pm,Touch,"$1,209",-$84
SPX,Short Put Spread,PUT,"6,895","6,900",P,"Jan 5, 2026",3:54pm → 3:55pm,Touch,"$1,209",-$189
SPX,Short Put Spread,PUT,"6,940","6,945",P,"Jan 6, 2026",3:54pm → 3:56pm,Touch,"$1,305",$15
SPX,Short Put Spread,PUT,"6,915","6,920",P,"Jan 7, 2026",3:54pm → 3:56pm,Touch,"$1,344",-$195
SPX,Short Put Spread,PUT,"6,915","6,920",P,"Jan 8, 2026",3:54pm → 3:56pm,Touch,"$1,365",-$15
SPX,Short Put Spread,PUT,"6,965","6,970",P,"Jan 9, 2026",3:54pm → 3:55pm,Touch,"$1,245",$120
SPX,Short Put Spread,PUT,"6,975","6,980",P,"Jan 12, 2026",3:54pm → 3:55pm,Touch,"$1,245",-$51
SPX,Short Put Spread,PUT,"6,950","6,955",P,"Jan 13, 2026",3:54pm → 4:00pm,Expired,"$1,480",$520
SPX,Short Put Spread,PUT,"6,910","6,915",P,"Jan 14, 2026",3:54pm → 4:00pm,Expired,"$1,290",$210
SPX,Short Put Spread,PUT,"6,935","6,940",P,"Jan 15, 2026",3:54pm → 3:56pm,Touch,"$1,185",$39
SPX,Short Put Spread,PUT,"6,940","6,945",P,"Jan 16, 2026",3:54pm → 3:55pm,Touch,"$1,329",-$30
SPX,Short Put Spread,PUT,"6,785","6,790",P,"Jan 20, 2026",3:54pm → 3:55pm,Touch,"$1,170",-$90
SPX,Short Put Spread,PUT,"6,870","6,875",P,"Jan 21, 2026",3:54pm → 3:55pm,Touch,"$1,420",$40
SPX,Short Put Spread,PUT,"6,905","6,910",P,"Jan 22, 2026",3:54pm → 3:55pm,Touch,"$1,191",$15
SPX,Short Put Spread,PUT,"6,905","6,910",P,"Jan 23, 2026",3:54pm → 4:00pm,Expired,"$1,395",$105
SPX,Short Put Spread,PUT,"6,945","6,950",P,"Jan 26, 2026",3:54pm → 3:56pm,Touch,"$1,440",-$75
SPX,Short Put Spread,PUT,"6,975","6,980",P,"Jan 27, 2026",3:54pm → 3:55pm,Touch,"$1,245",-$75
SPX,Short Put Spread,PUT,"6,975","6,980",P,"Jan 28, 2026",3:54pm → 3:55pm,Touch,"$1,230",-$75
SPX,Short Put Spread,PUT,"6,950","6,955",P,"Jan 29, 2026",3:54pm → 4:00pm,Expired,"$1,314",$186
SPX,Short Put Spread,PUT,"6,925","6,930",P,"Jan 30, 2026",3:54pm → 4:00pm,Expired,"$1,200",$300
SPX,Short Put Spread,PUT,"6,970","6,975",P,"Feb 2, 2026",3:54pm → 3:55pm,Touch,"$1,320",-$126
SPX,Short Put Spread,PUT,"6,905","6,910",P,"Feb 3, 2026",3:54pm → 4:00pm,Expired,"$1,194",$306
SPX,Short Put Spread,PUT,"6,885","6,890",P,"Feb 4, 2026",3:54pm → 3:55pm,Touch,"$1,440",-$420
SPX,Short Put Spread,PUT,"6,780","6,785",P,"Feb 5, 2026",3:54pm → 4:00pm,Expired,"$1,161",$339
SPX,Short Put Spread,PUT,"6,935","6,940",P,"Feb 6, 2026",3:54pm → 3:55pm,Touch,"$1,194",-$15
SPX,Short Put Spread,PUT,"6,955","6,960",P,"Feb 9, 2026",3:54pm → 4:00pm,Expired,"$1,380",$120
SPX,Short Put Spread,PUT,"6,940","6,945",P,"Feb 10, 2026",3:54pm → 3:55pm,Touch,"$1,452",-$112
SPX,Short Put Spread,PUT,"6,940","6,945",P,"Feb 11, 2026",3:54pm → 3:56pm,Touch,"$1,335",-$186
SPX,Short Put Spread,PUT,"6,825","6,830",P,"Feb 12, 2026",3:54pm → 3:57pm,Touch,"$1,332",$80
SPX,Short Put Spread,PUT,"6,820","6,825",P,"Feb 13, 2026",3:54pm → 4:00pm,Expired,"$1,140",$360
SPX,Short Put Spread,PUT,"6,835","6,840",P,"Feb 17, 2026",3:54pm → 3:55pm,Touch,"$1,134",$60
SPX,Short Put Spread,PUT,"6,880","6,885",P,"Feb 18, 2026",3:54pm → 3:58pm,Touch,"$1,440",$312
SPX,Short Put Spread,PUT,"6,850","6,855",P,"Feb 19, 2026",3:54pm → 3:55pm,Touch,"$1,412",$88
SPX,Short Put Spread,PUT,"6,895","6,900",P,"Feb 20, 2026",3:54pm → 4:00pm,Expired,"$1,200",$300
SPX,Short Put Spread,PUT,"6,820","6,825",P,"Feb 23, 2026",3:54pm → 4:00pm,Expired,"$1,230",$270
SPX,Short Put Spread,PUT,"6,885","6,890",P,"Feb 24, 2026",3:54pm → 3:56pm,Touch,"$1,269",-$54
SPX,Short Put Spread,PUT,"6,940","6,945",P,"Feb 25, 2026",3:54pm → 3:59pm,Touch,"$1,440",-$21
SPX,Short Put Spread,PUT,"6,895","6,900",P,"Feb 26, 2026",3:54pm → 4:00pm,Expired,"$1,329",$171
SPX,Short Put Spread,PUT,"6,865","6,870",P,"Feb 27, 2026",3:54pm → 3:55pm,Touch,"$1,368",$52
SPX,Short Put Spread,PUT,"6,870","6,875",P,"Mar 2, 2026",3:54pm → 4:00pm,Expired,"$1,200",$300
SPX,Short Put Spread,PUT,"6,805","6,810",P,"Mar 3, 2026",3:54pm → 4:00pm,Expired,"$1,480",$520
SPX,Short Put Spread,PUT,"6,865","6,870",P,"Mar 4, 2026",3:54pm → 3:59pm,Touch,"$1,206",$93
SPX,Short Put Spread,PUT,"6,815","6,820",P,"Mar 5, 2026",3:54pm → 4:00pm,Expired,"$1,245",$255
SPX,Short Put Spread,PUT,"6,725","6,730",P,"Mar 6, 2026",3:54pm → 4:00pm,Expired,"$1,155",$345
SPX,Short Put Spread,PUT,"6,775","6,780",P,"Mar 9, 2026",3:54pm → 4:00pm,Expired,"$1,146",$354
SPX,Short Put Spread,PUT,"6,770","6,775",P,"Mar 10, 2026",3:54pm → 3:56pm,Touch,"$1,161",$33
SPX,Short Put Spread,PUT,"6,765","6,770",P,"Mar 11, 2026",3:54pm → 4:00pm,Expired,"$1,206",$294
SPX,Short Put Spread,PUT,"6,670","6,675",P,"Mar 12, 2026",3:54pm → 3:56pm,Touch,"$1,328",-$208
SPX,Short Put Spread,PUT,"6,625","6,630",P,"Mar 13, 2026",3:54pm → 3:55pm,Touch,"$1,320",--
SPX,Short Put Spread,PUT,"6,690","6,695",P,"Mar 16, 2026",3:54pm → 3:55pm,Touch,"$1,245",-$180
SPX,Short Put Spread,PUT,"6,710","6,715",P,"Mar 17, 2026",3:54pm → 3:56pm,Touch,"$1,290",-$21
SPX,Short Put Spread,PUT,"6,620","6,625",P,"Mar 18, 2026",3:54pm → 3:58pm,Touch,"$1,314",-$9
SPX,Short Put Spread,PUT,"6,600","6,605",P,"Mar 19, 2026",3:54pm → 3:55pm,Touch,"$1,400",$100
SPX,Short Put Spread,PUT,"6,495","6,500",P,"Mar 20, 2026",3:54pm → 4:00pm,Expired,"$1,260",$740
SPX,Short Put Spread,PUT,"6,590","6,595",P,"Mar 23, 2026",3:54pm → 3:55pm,Touch,"$1,140",-$285
SPX,Short Put Spread,PUT,"6,545","6,550",P,"Mar 24, 2026",3:54pm → 4:00pm,Expired,"$1,320",$180
SPX,Short Put Spread,PUT,"6,585","6,590",P,"Mar 25, 2026",3:54pm → 3:56pm,Touch,"$1,185",-$21
SPX,Short Put Spread,PUT,"6,470","6,475",P,"Mar 26, 2026",3:54pm → 3:55pm,Touch,"$1,254",-$198
SPX,Short Put Spread,PUT,"6,360","6,365",P,"Mar 27, 2026",3:54pm → 3:55pm,Touch,"$1,440",-$160
SPX,Short Put Spread,PUT,"6,335","6,340",P,"Mar 30, 2026",3:54pm → 4:00pm,Expired,"$1,170",$330
SPX,Short Put Spread,PUT,"6,515","6,520",P,"Mar 31, 2026",3:54pm → 3:57pm,Touch,"$1,155",-$90
SPX,Short Put Spread,PUT,"6,570","6,575",P,"Apr 1, 2026",3:54pm → 3:56pm,Touch,"$1,221",-$96
